Series Name,Series Code,Country Name,Country Code,1987 [YR1987],1988 [YR1988],1989 [YR1989],1990 [YR1990],1991 [YR1991],1992 [YR1992],1993 [YR1993],1994 [YR1994],1995 [YR1995],1996 [YR1996],1997 [YR1997],1998 [YR1998],1999 [YR1999],2000 [YR2000],2001 [YR2001],2002 [YR2002],2003 [YR2003],2004 [YR2004],2005 [YR2005],2006 [YR2006],2007 [YR2007],2008 [YR2008],2009 [YR2009],2010 [YR2010],2011 [YR2011],2012 [YR2012],2013 [YR2013],2014 [YR2014]
"Mortality rate, infant, male (per 1,000 live births)",SP.DYN.IMRT.MA.IN,Afghanistan,AFG,138.4,134.2,130.2,126.2,122.5,118.9,115.6,112.3,109.2,106.3,103.5,100.7,98,95.3,92.5,89.7,87,84.2,81.4,78.7,75.9,73.2,70.5,67.9,65.5,63.1,60.9,58.6
"Mortality rate, infant, male (per 1,000 live births)",SP.DYN.IMRT.MA.IN,Albania,ALB,46.2,43.8,41.7,40,38.4,37.1,35.8,34.7,33.5,32.4,31.2,29.9,28.7,27.4,26.1,24.7,23.3,21.8,20.4,18.9,17.4,16,14.6,13.3,12.1,11.1,10.3,9.8
"Mortality rate, infant, male (per 1,000 live births)",SP.DYN.IMRT.MA.IN,Algeria,DZA,52.7,49.3,47,45.5,44.4,43.4,42.5,41.5,40.5,39.6,38.8,38.2,37.4,36.7,35.9,35.1,33.6,32.1,30.7,29.2,28,26.7,25.8,25,24.3,23.8,23.4,23.2
"Mortality rate, infant, male (per 1,000 live births)",SP.DYN.IMRT.MA.IN,American Samoa,ASM,..,..,..,..,..,..,..,..,..,..,..,..,..,..,..,..,..,..,..,..,..,..,..,..,..,..,..,..
"Mortality rate, infant, male (per 1,000 live births)",SP.DYN.IMRT.MA.IN,Andorra,AND,10.8,10.5,10.3,10.1,9.8,9.6,9.3,9.1,8.8,8.5,8.1,7.9,7.6,7.3,7,6.7,6.4,6.2,5.9,5.6,5.4,5.1,4.9,4.6,4.4,4.2,4,3.8
"Mortality rate, infant, male (per 1,000 live births)",SP.DYN.IMRT.MA.IN,Angola,AGO,141.6,141.3,141,140.9,141,141.1,141.1,141.1,140.8,139.9,138.4,136.4,133.8,130.8,127.2,123.3,118.9,114.1,109,103.9,98.4,93.1,87.7,82.8,78.1,73.8,69.9,66.4
"Mortality rate, infant, male (per 1,000 live births)",SP.DYN.IMRT.MA.IN,Antigua and Barbuda,ATG,11.9,12,12.2,12.4,12.7,13.1,13.5,13.8,14.1,14.4,14.5,14.5,14.4,14.2,13.9,13.5,13,12.5,12,11.5,10.9,10.4,9.9,9.4,8.9,8.5,8,7.6
"Mortality rate, infant, male (per 1,000 live births)",SP.DYN.IMRT.MA.IN,Arab World,ARB,..,..,..,61.9009099217541,60.1944474750343,58.5784640298307,57.1093315084956,55.6561955730006,54.2301851838147,52.824983982275,51.4350181426752,50.0409997528446,48.6628011738181,47.2608505397283,45.8917150782187,44.5322619174154,43.2053912195742,41.8809310178361,40.6074733378781,39.3311896306471,38.0659274976162,36.7852399974958,35.5781982186733,34.4655997401833,33.5105783928701,32.6478851937963,31.8814323043446,31.1919558210364
"Mortality rate, infant, male (per 1,000 live births)",SP.DYN.IMRT.MA.IN,Argentina,ARG,28.5,28.4,28.3,28,27.5,26.7,25.8,24.8,23.7,22.8,21.8,21,20.1,19.4,18.7,18,17.4,16.8,16.3,15.9,15.5,15.1,14.7,14.2,13.6,13,12.4,11.8
"Mortality rate, infant, male (per 1,000 live births)",SP.DYN.IMRT.MA.IN,Armenia,ARM,51.3,53.4,47.7,45.9,44.2,42.4,40.6,38.9,37.3,35.6,34.1,32.6,31.2,29.8,28.4,27.1,25.9,24.7,23.5,22.4,21.3,20.3,19.3,18.3,17.4,16.5,15.7,14.9
"Mortality rate, infant, male (per 1,000 live births)",SP.DYN.IMRT.MA.IN,Aruba,ABW,..,..,..,..,..,..,..,..,..,..,..,..,..,..,..,..,..,..,..,..,..,..,..,..,..,..,..,..
"Mortality rate, infant, male (per 1,000 live births)",SP.DYN.IMRT.MA.IN,Australia,AUS,9.8,9.4,9,8.5,8,7.5,7,6.7,6.4,6.2,6,5.9,5.7,5.6,5.5,5.4,5.4,5.3,5.2,5.1,4.9,4.8,4.6,4.4,4.2,3.9,3.8,3.6
"Mortality rate, infant, male (per 1,000 live births)",SP.DYN.IMRT.MA.IN,Austria,AUT,10.5,9.9,9.4,8.9,8.5,8,7.4,6.8,6.3,5.8,5.5,5.3,5.1,5,5,4.9,4.7,4.6,4.4,4.3,4.2,4.1,4,3.9,3.8,3.7,3.5,3.4
"Mortality rate, infant, male (per 1,000 live births)",SP.DYN.IMRT.MA.IN,Azerbaijan,AZE,83.6,82.6,81.9,81.5,81.7,81.9,82,81.6,80.6,79,76.5,73.4,69.8,65.9,61.9,58,54.4,51.2,48.1,45.3,42.7,40.2,37.9,35.6,33.4,31.3,29.3,27.4
"Mortality rate, infant, male (per 1,000 live births)",SP.DYN.IMRT.MA.IN,"Bahamas, The",BHS,24.1,23.3,22.4,21.4,20.4,19.5,18.6,17.7,16.9,16.2,15.6,15.1,14.9,14.9,14.9,15.1,15.3,15.4,15.4,15.3,15.1,14.9,14.6,14.3,13.9,13.7,13.3,13.1
"Mortality rate, infant, male (per 1,000 live births)",SP.DYN.IMRT.MA.IN,Bahrain,BHR,20.7,20.4,20.2,20,19.8,19.2,18.4,17.3,16,14.6,13.4,12.4,11.7,11.1,10.6,10.3,10,9.7,9.4,9.1,8.6,8.3,7.9,7.5,7.2,7,6.9,6.8
"Mortality rate, infant, male (per 1,000 live births)",SP.DYN.IMRT.MA.IN,Bangladesh,BGD,118.6,114.7,110.8,106.8,102.8,98.7,94.7,90.6,86.7,82.8,78.8,74.9,71.2,67.7,64.3,61.2,58.3,55.5,52.8,50.3,47.8,45.4,43.2,41.1,39.2,37.3,35.6,34.1
"Mortality rate, infant, male (per 1,000 live births)",SP.DYN.IMRT.MA.IN,Barbados,BRB,19.9,19.2,18.4,17.7,17,16.3,15.7,15.2,14.9,14.7,14.5,14.6,14.7,14.9,15.1,15.3,15.5,15.5,15.5,15.5,15.4,15.2,15.1,15,14.9,14.8,14.6,14.4
"Mortality rate, infant, male (per 1,000 live births)",SP.DYN.IMRT.MA.IN,Belarus,BLR,15.2,14.6,14.2,14,13.9,14,14.1,14.2,14.2,14,13.6,13,12.3,11.4,10.4,9.6,8.8,8.1,7.4,6.8,6.2,5.6,5.1,4.7,4.3,4,3.8,3.6
"Mortality rate, infant, male (per 1,000 live births)",SP.DYN.IMRT.MA.IN,Belgium,BEL,10.5,10.2,9.8,9.5,9.2,8.8,8.3,7.7,7.1,6.6,6.2,5.8,5.6,5.3,5.1,4.9,4.8,4.6,4.5,4.4,4.3,4.2,4.1,4.1,4,3.9,3.8,3.7
"Mortality rate, infant, male (per 1,000 live births)",SP.DYN.IMRT.MA.IN,Belize,BLZ,40.4,38.3,36.3,34.3,32.4,30.7,29.2,27.8,26.6,25.5,24.5,23.7,22.8,22.1,21.4,20.8,20.3,20,19.6,19.3,19,18.6,18.2,17.8,17.2,16.6,15.9,15.2
"Mortality rate, infant, male (per 1,000 live births)",SP.DYN.IMRT.MA.IN,Benin,BEN,120.1,117.7,115.2,112.9,110.5,108.2,105.8,103.6,101.6,99.7,97.8,96,94.2,92.4,90.6,88.6,86.7,84.9,83.2,81.7,80.3,79,77.8,76.6,75.3,74,72.7,71.4
"Mortality rate, infant, male (per 1,000 live births)",SP.DYN.IMRT.MA.IN,Bermuda,BMU,..,..,..,..,..,..,..,..,..,..,..,..,..,..,..,..,..,..,..,..,..,..,..,..,..,..,..,..
"Mortality rate, infant, male (per 1,000 live births)",SP.DYN.IMRT.MA.IN,Bhutan,BTN,106.1,102.1,98.1,94.4,90.7,87.2,83.7,80.3,77,73.7,70.4,67.3,64.2,61.3,58.5,55.8,53.2,50.6,48,45.5,43.2,40.9,38.8,36.8,35.1,33.5,32.2,31
"Mortality rate, infant, male (per 1,000 live births)",SP.DYN.IMRT.MA.IN,Bolivia,BOL,99.8,96.7,93.6,90.5,87.5,84.5,81.5,78.5,75.5,72.5,69.5,66.4,63.4,60.4,57.5,54.7,52,49.3,46.8,44.4,42.2,40,37.9,35.9,34,32.3,30.6,29
"Mortality rate, infant, male (per 1,000 live births)",SP.DYN.IMRT.MA.IN,Bosnia and Herzegovina,BIH,22.5,20.8,19.2,17.8,16.5,15.9,15,13.7,12.9,11.9,11.3,10.6,10.1,9.6,9.3,9.1,8.9,8.8,8.6,8.3,8,7.6,7.2,6.9,6.6,6.4,6.2,6
"Mortality rate, infant, male (per 1,000 live births)",SP.DYN.IMRT.MA.IN,Botswana,BWA,43.3,41.6,40.4,39.9,40.1,40.6,41.5,42.3,43,40.9,40.2,39.3,37.5,35.2,32.3,30.2,28.4,26.7,23.1,22.1,23.8,24.9,25.2,27,29.8,29.6,31.3,33.9
"Mortality rate, infant, male (per 1,000 live births)",SP.DYN.IMRT.MA.IN,Brazil,BRA,64.4,62.1,60,57.9,55.6,53.2,50.6,48,45.3,42.7,40.3,38,35.8,33.8,31.7,29.8,27.9,26.2,24.6,23.1,21.7,20.6,19.5,18.7,17.9,17.3,16.7,16.2
"Mortality rate, infant, male (per 1,000 live births)",SP.DYN.IMRT.MA.IN,British Virgin Islands,VGB,..,..,..,..,..,..,..,..,..,..,..,..,..,..,..,..,..,..,..,..,..,..,..,..,..,..,..,..
"Mortality rate, infant, male (per 1,000 live births)",SP.DYN.IMRT.MA.IN,Brunei Darussalam,BRN,11.5,11.3,11.2,11.2,11.2,11.2,11.1,10.9,10.6,10.2,9.9,9.5,9.2,8.9,8.7,8.5,8.4,8.3,8.3,8.3,8.3,8.4,8.5,8.6,8.8,9,9.1,9.4
"Mortality rate, infant, male (per 1,000 live births)",SP.DYN.IMRT.MA.IN,Bulgaria,BGR,16,15.7,15.9,16.5,16.9,17.2,17.2,17.2,17.2,17.4,17.5,17.3,16.7,15.9,15.2,14.7,14,13.1,12.2,11.4,10.9,10.5,10.3,10.1,9.7,9.2,8.6,8
"Mortality rate, infant, male (per 1,000 live births)",SP.DYN.IMRT.MA.IN,Burkina Faso,BFA,108.8,107.5,106.5,105.9,105.6,105.4,105.3,104.9,104.2,103.1,101.8,100.5,99.1,97.5,96,94.2,92.1,89.7,87.1,84.2,81.3,78.5,75.9,73.6,71.6,69.7,67.9,66.3
"Mortality rate, infant, male (per 1,000 live births)",SP.DYN.IMRT.MA.IN,Burundi,BDI,112.2,112,112.8,113.9,115.1,115.9,116.1,115.7,114.8,113.3,111.4,108.9,106.2,103.1,100,96.7,93.2,89.5,85.4,81.1,76.7,72.6,68.7,65,61.6,58.5,55.6,53
"Mortality rate, infant, male (per 1,000 live births)",SP.DYN.IMRT.MA.IN,Cabo Verde,CPV,58.2,55.3,52.6,50.6,49.3,48.8,48.6,48.4,47.7,46.1,43.7,40.5,37,33.7,30.9,28.6,27.1,26.1,25.6,25.4,25.3,25.1,24.8,24.2,23.3,22.2,21,19.6
"Mortality rate, infant, male (per 1,000 live births)",SP.DYN.IMRT.MA.IN,Cambodia,KHM,93,92.8,92.7,92.7,92.7,92.7,93.1,93.7,94.3,94.6,94.4,93.4,91,86.7,80.5,73.9,67.9,62.8,58.4,54.7,51.3,48,44.7,41.6,38.6,36,33.7,31.8
"Mortality rate, infant, male (per 1,000 live births)",SP.DYN.IMRT.MA.IN,Cameroon,CMR,94.1,92.6,91.9,92.1,93,94.3,95.8,97.1,98,98.6,98.6,98,97,95.4,93.4,91.2,89.1,87.1,85.4,83.5,81.8,79.8,78,75.5,73.4,70.8,68.1,65.7
"Mortality rate, infant, male (per 1,000 live births)",SP.DYN.IMRT.MA.IN,Canada,CAN,8.3,8.1,7.8,7.5,7.3,7,6.8,6.6,6.3,6.2,6,5.8,5.8,5.7,5.7,5.7,5.7,5.6,5.6,5.6,5.5,5.4,5.3,5.3,5.2,5.1,5.1,5
"Mortality rate, infant, male (per 1,000 live births)",SP.DYN.IMRT.MA.IN,Caribbean small states,CSS,..,..,..,31.9531535026818,31.1919164377242,30.4088970869732,29.6054580499026,28.8959454368394,28.1522478771247,27.4824964402987,26.8304320974039,26.2222500260661,25.6460394507394,25.1127143032084,24.5773064004406,24.1175468911998,23.6638431360091,23.2554668334215,22.8402268852565,22.3839677647575,22.0125615320457,21.5844022520856,21.1423774317459,20.6895300564596,20.1885897414498,19.7325017197121,19.2213953841354,18.711560796548
"Mortality rate, infant, male (per 1,000 live births)",SP.DYN.IMRT.MA.IN,Cayman Islands,CYM,..,..,..,..,..,..,..,..,..,..,..,..,..,..,..,..,..,..,..,..,..,..,..,..,..,..,..,..
"Mortality rate, infant, male (per 1,000 live births)",SP.DYN.IMRT.MA.IN,Central African Republic,CAF,123.5,123.7,124,124.1,123.8,123.3,122.8,122.3,121.7,121.1,120.5,119.7,119,118.3,117.6,116.9,116.3,115.5,114.7,113.6,112.6,111.2,109.5,107.7,105.5,103.4,101.7,99.2
"Mortality rate, infant, male (per 1,000 live births)",SP.DYN.IMRT.MA.IN,Central Europe and the Baltics,CEB,..,..,..,17.9927921861885,17.4420690310545,16.938171711866,16.4062715394669,15.7477267204817,15.0461960916998,14.3522301455824,13.6131388907046,12.8542397271769,12.0263938305914,11.3490771590403,10.8322505761584,10.4947259384073,10.1667472342225,9.74668059305566,9.24430380828337,8.70358590017657,8.11736361535973,7.61223370028827,7.15206478977473,6.79774367762372,6.46057408189109,6.18559472164886,5.86778219647849,5.56657040796049
"Mortality rate, infant, male (per 1,000 live births)",SP.DYN.IMRT.MA.IN,Chad,TCD,123.5,122.2,121,119.7,118.4,117.2,116.1,115,114,112.9,111.9,110.8,109.5,108.1,106.7,105.3,103.8,102.3,100.6,99,97.2,95.4,93.5,91.6,89.8,88,86.2,84.5
"Mortality rate, infant, male (per 1,000 live births)",SP.DYN.IMRT.MA.IN,Channel Islands,CHI,..,..,..,..,..,..,..,..,..,..,..,..,..,..,..,..,..,..,..,..,..,..,..,..,..,..,..,..
"Mortality rate, infant, male (per 1,000 live births)",SP.DYN.IMRT.MA.IN,Chile,CHL,20.3,19.8,18.9,17.7,16.3,15,13.8,12.8,12.1,11.6,11.3,11.1,10.7,10.1,9.5,9.1,8.8,8.6,8.5,8.3,8.3,8.2,8.2,8,7.9,7.8,7.6,7.5
"Mortality rate, infant, male (per 1,000 live births)",SP.DYN.IMRT.MA.IN,China,CHN,44.3,44.4,44.5,44.3,43.9,43.3,42.3,41.1,39.8,38.4,36.9,35.4,33.7,31.9,29.9,27.8,25.7,23.6,21.7,19.9,18.3,16.9,15.7,14.5,13.4,12.4,11.5,10.6
"Mortality rate, infant, male (per 1,000 live births)",SP.DYN.IMRT.MA.IN,Colombia,COL,35.2,34.1,33.1,32.1,31.2,30.3,29.4,28.5,27.6,26.7,25.9,25,24.2,23.5,22.8,22.2,21.6,21,20.4,19.8,19.2,18.6,18.1,17.6,17,16.5,15.9,15.4
"Mortality rate, infant, male (per 1,000 live births)",SP.DYN.IMRT.MA.IN,Comoros,COM,102.2,99.3,96.7,94,91.5,89,86.5,84.5,82.7,81.3,80,79.1,78.4,78,77.7,77.5,77.2,76.4,75.3,74,72.5,70.9,69.1,67.4,65.6,63.7,62.2,60.5
"Mortality rate, infant, male (per 1,000 live births)",SP.DYN.IMRT.MA.IN,"Congo, Dem. Rep.",COD,130.1,129,127.9,126.8,125.7,124.8,123.8,122.9,122.1,121.1,119.9,118.5,116.7,114.8,112.8,110.5,108.1,105.6,103.2,100.7,98.2,95.8,93.5,91.1,88.8,86.6,84.4,82.2
"Mortality rate, infant, male (per 1,000 live births)",SP.DYN.IMRT.MA.IN,"Congo, Rep.",COG,64.5,64,63.9,64.4,65.3,66.7,68.4,70.5,72.7,75,77,78.6,79.1,78.3,76.4,73.5,69.8,65.7,61.5,57.5,54,51.2,48.9,47.3,46.1,45.1,44.2,43.3
"Mortality rate, infant, male (per 1,000 live births)",SP.DYN.IMRT.MA.IN,Costa Rica,CRI,19.2,17.5,16.4,15.6,15.1,14.7,14.4,14.2,14.1,14,14,13.6,12.9,12.1,11.5,11.2,11,10.8,10.7,10.6,10.5,10.4,10.2,9.9,9.6,9.2,8.8,8.5
"Mortality rate, infant, male (per 1,000 live births)",SP.DYN.IMRT.MA.IN,Cote d'Ivoire,CIV,113.9,113.6,113.3,113.2,112.9,112.6,112.2,111.7,111,110.1,108.9,107.7,106.1,104.5,102.6,100.7,98.6,96.6,94.3,92.4,90,87.7,85.3,83.1,81.1,78.9,76.8,74.6
"Mortality rate, infant, male (per 1,000 live births)",SP.DYN.IMRT.MA.IN,Croatia,HRV,15.6,14.4,13.4,12.5,11.7,11.1,10.5,10,9.6,9.2,8.9,8.5,8.2,7.9,7.6,7.2,6.9,6.6,6.3,6,5.7,5.4,5.2,5,4.9,4.8,4.7,4.6
"Mortality rate, infant, male (per 1,000 live births)",SP.DYN.IMRT.MA.IN,Cuba,CUB,14.4,13.7,13,12.4,11.8,11.2,10.7,10.2,9.7,9.3,8.9,8.5,8.1,7.8,7.4,7.1,6.8,6.6,6.3,6.1,5.9,5.7,5.5,5.3,5.2,5,4.9,4.8
"Mortality rate, infant, male (per 1,000 live births)",SP.DYN.IMRT.MA.IN,Curacao,CUW,..,..,..,..,..,..,..,..,..,..,..,..,..,..,..,..,..,..,..,..,..,..,..,..,..,..,..,..
"Mortality rate, infant, male (per 1,000 live births)",SP.DYN.IMRT.MA.IN,Cyprus,CYP,11.4,11.1,11,10.9,10.7,10.3,9.8,9.2,8.6,8,7.5,7,6.5,6.1,5.7,5.4,5.1,4.7,4.4,4.1,3.9,3.6,3.4,3.2,3,2.8,2.7,2.5
"Mortality rate, infant, male (per 1,000 live births)",SP.DYN.IMRT.MA.IN,Czech Republic,CZE,13.1,12.6,12.2,11.7,11.2,10.5,9.7,8.9,8,7.2,6.5,5.9,5.4,5,4.8,4.5,4.3,4.2,3.9,3.7,3.5,3.4,3.2,3,2.9,2.9,2.8,2.8
"Mortality rate, infant, male (per 1,000 live births)",SP.DYN.IMRT.MA.IN,Denmark,DNK,9.1,9,8.7,8.3,7.8,7.3,6.8,6.4,6,5.7,5.5,5.4,5.3,5.2,5.2,5.1,5,4.8,4.6,4.4,4.2,4.1,4,3.9,3.8,3.9,3.9,3.9
"Mortality rate, infant, male (per 1,000 live births)",SP.DYN.IMRT.MA.IN,Djibouti,DJI,104.6,102.4,100.3,98.4,96.8,95.4,94.3,93.4,92.3,91.3,90.3,88.9,87.5,85.9,84.3,82.5,80.7,78.8,76.9,75,72.9,71.2,69.3,67.4,65.6,63.9,62.2,60.5
"Mortality rate, infant, male (per 1,000 live births)",SP.DYN.IMRT.MA.IN,Dominica,DMA,14.7,14.3,14.1,13.9,13.8,13.7,13.7,13.7,13.8,14,14.2,14.5,14.8,15.2,15.6,16.1,16.7,17.3,18.1,18.8,19.7,20.7,21.7,22.9,24.1,25.4,26.7,28.1
"Mortality rate, infant, male (per 1,000 live births)",SP.DYN.IMRT.MA.IN,Dominican Republic,DOM,55.2,53.5,51.7,50.1,48.4,46.7,45,43.4,41.8,40.4,39,37.8,36.7,35.8,34.9,34.2,33.6,33,32.5,32.1,31.7,31.3,31,30.7,30.4,30,29.5,29
"Mortality rate, infant, male (per 1,000 live births)",SP.DYN.IMRT.MA.IN,Early-demographic dividend,EAR,..,..,..,81.3400089446647,79.2088313727438,77.1166936961647,75.0674042107001,73.0319573438997,70.9388995028305,68.7945575320482,66.6202192688485,64.454613548831,62.4036350849214,60.1130093568534,57.9337403623493,55.7279805813746,53.6627338241909,52.0041552328175,49.9771146736267,48.2132989597479,46.408846473687,44.6795823563656,42.8395662112694,41.1876704335169,39.447504134161,37.9664559137722,36.519549012166,35.1742589846338
"Mortality rate, infant, male (per 1,000 live births)",SP.DYN.IMRT.MA.IN,East Asia & Pacific,EAS,..,..,..,46.3,45.5,44.5,43.4,42.1,40.9,39.5,38.2,36.8,35.3,33.8,32.1,30.4,28.8,27.3,25.6,24.2,22.9,21.8,20.6,19.5,18.6,17.7,16.8,16
"Mortality rate, infant, male (per 1,000 live births)",SP.DYN.IMRT.MA.IN,East Asia & Pacific (excluding high income),EAP,..,..,..,48.7452131025295,47.9802798260473,47.0949919521309,45.969717219005,44.7282334610785,43.4174259964435,42.0394415155092,40.5913147112319,39.1440441585812,37.5692169342143,35.915890111524,34.1647763555514,32.3437387923055,30.5702160956259,29.0266107758966,27.2172457902866,25.7044116331054,24.3119037064169,23.1912355644727,21.9053404532503,20.7845963173537,19.7237610442805,18.7429927896745,17.8519669164617,16.9959922183943
"Mortality rate, infant, male (per 1,000 live births)",SP.DYN.IMRT.MA.IN,East Asia & Pacific (IDA & IBRD),TEA,..,..,..,48.8796149307467,48.0676926623328,47.1211459317509,45.9195937869405,44.598151284157,43.2140108921646,41.7853073358518,40.3164838962689,38.8768991565982,37.3374814817123,35.737328135812,34.0433317055794,32.2719025412988,30.5310155449637,29.0047520839693,27.1919909387502,25.6671883604159,24.2622488283264,23.1351408863137,21.8467148779323,20.7297575308054,19.6776708201179,18.7063363505133,17.8233832229581,16.9747428844014
"Mortality rate, infant, male (per 1,000 live births)",SP.DYN.IMRT.MA.IN,Ecuador,ECU,53.3,51,48.9,46.9,44.9,42.9,40.8,38.7,36.6,34.4,32.4,30.5,28.8,27.2,25.8,24.6,23.6,22.6,21.8,20.9,20.1,19.2,18.4,17.6,16.8,16.1,15.5,15
"Mortality rate, infant, male (per 1,000 live births)",SP.DYN.IMRT.MA.IN,"Egypt, Arab Rep.",EGY,75.4,71.1,67.7,64.6,61.9,59.2,56.6,53.9,51.2,48.5,45.9,43.4,41.2,39,37.1,35.3,33.8,32.3,31,29.8,28.7,27.6,26.5,25.5,24.6,23.6,22.7,21.9
"Mortality rate, infant, male (per 1,000 live births)",SP.DYN.IMRT.MA.IN,El Salvador,SLV,58,55.2,52.7,50.2,47.8,45.5,43.3,41.1,39,36.9,34.9,33.1,31.3,29.7,28.3,26.9,25.6,24.3,23.1,22,20.9,19.9,19,18.1,17.3,16.5,15.8,15.1
"Mortality rate, infant, male (per 1,000 live births)",SP.DYN.IMRT.MA.IN,Equatorial Guinea,GNQ,132.2,131.1,130.2,129.4,128.6,127.8,126.9,126.2,125.3,124.1,122.5,120.7,118.4,115.9,113.1,110.2,107.3,104.4,101.2,98,94.9,91.9,88.9,86.2,83.6,81.2,78.7,76.4
"Mortality rate, infant, male (per 1,000 live births)",SP.DYN.IMRT.MA.IN,Eritrea,ERI,115.9,113,109.7,105.9,101.7,97.1,92.2,87.2,82.4,77.9,73.9,70.2,66.9,64,61.4,58.9,56.6,54.5,52.6,50.7,49,47.4,45.9,44.5,43.3,42,40.9,39.8
"Mortality rate, infant, male (per 1,000 live births)",SP.DYN.IMRT.MA.IN,Estonia,EST,16.3,16.1,15.9,15.7,15.6,15.4,15.1,14.6,13.9,13.1,12.2,11.3,10.5,9.7,8.9,8.1,7.4,6.8,6.2,5.6,5.1,4.7,4.3,3.9,3.6,3.4,3.1,2.9
"Mortality rate, infant, male (per 1,000 live births)",SP.DYN.IMRT.MA.IN,Eswatini,SWZ,62.7,60.2,58,56.7,56.5,57.3,59,61.3,63.6,65.8,67.9,69.9,71.9,73.7,74.8,75.4,75.8,75.2,74.6,66.8,66.8,67.8,63.6,60.6,59.3,58.1,57,57.1
"Mortality rate, infant, male (per 1,000 live births)",SP.DYN.IMRT.MA.IN,Ethiopia,ETH,137.9,135.6,133.4,130.9,128.2,125.2,121.9,118.2,114.6,110.8,107.2,103.6,100.2,96.8,93.2,89.6,85.7,81.8,78,74.3,70.8,67.5,64.3,61.4,58.6,56,53.5,51.1
"Mortality rate, infant, male (per 1,000 live births)",SP.DYN.IMRT.MA.IN,Euro area,EMU,..,..,..,8.87838365062738,8.48553864094479,8.04539813048233,7.57500172535973,7.12051510211046,6.66434186325768,6.25794845829012,5.956905381393,5.67441924376648,5.45575805180336,5.23169550617111,5.03166343330781,4.87582283899904,4.69400641766034,4.5124022579269,4.37408499008784,4.23236113180836,4.10919449225273,4.00776857665547,3.89857214453675,3.79700364639656,3.73871246814525,3.68105934498084,3.58960546554283,3.5488701609015
"Mortality rate, infant, male (per 1,000 live births)",SP.DYN.IMRT.MA.IN,Europe & Central Asia,ECS,..,..,..,27.4,26.9,26.5,26,25.4,24.7,23.8,22.8,21.8,20.7,19.6,18.6,17.5,16.5,15.6,14.8,14,13.2,12.6,12,11.5,11,10.6,10.1,9.7
"Mortality rate, infant, male (per 1,000 live births)",SP.DYN.IMRT.MA.IN,Europe & Central Asia (excluding high income),ECA,..,..,..,41.8817087909565,41.7611208995197,41.8299747709835,41.79028835475,41.4808752061565,40.8249868869621,39.775073275563,38.3978320714107,36.8185695711518,35.0501606538463,33.2377058515816,31.3438101341475,29.4275084083716,27.5916578779825,25.8761223395823,24.269235077306,22.7444106203333,21.4122884504517,20.1552244576975,19.0021341825074,18.0263944348054,17.0909072645513,16.2348808774518,15.4504386344857,14.6325844166959
"Mortality rate, infant, male (per 1,000 live births)",SP.DYN.IMRT.MA.IN,Europe & Central Asia (IDA & IBRD),TEC,..,..,..,39.1807907178039,38.9932206781582,38.9889762091296,38.9061375599105,38.5715414348575,37.9286796690288,36.9339294338393,35.6425477339676,34.1740644435934,32.5331063895397,30.877835868551,29.1701836272415,27.4615809800876,25.8134867159036,24.2486754007711,22.7660742236215,21.3463861305157,20.0935814120177,18.9246162827436,17.8577599842769,16.9677093101461,16.1125338113599,15.3331962190337,14.6059518941987,13.8423526091672
"Mortality rate, infant, male (per 1,000 live births)",SP.DYN.IMRT.MA.IN,European Union,EUU,..,..,..,11.3693626755024,10.8480305518615,10.3011790830978,9.74021928411691,9.17870675312078,8.61791685948117,8.10479303040177,7.66405515801733,7.24053825530055,6.85662404915456,6.51227841516493,6.23879981150286,6.0435896051284,5.83639567946615,5.61146788497185,5.40153295098063,5.17991891693386,4.96131123215351,4.774417996556,4.58900121588584,4.43293107181331,4.31386185676393,4.21075651683642,4.07182162638785,3.97375732444609
"Mortality rate, infant, male (per 1,000 live births)",SP.DYN.IMRT.MA.IN,Faroe Islands,FRO,..,..,..,..,..,..,..,..,..,..,..,..,..,..,..,..,..,..,..,..,..,..,..,..,..,..,..,..
"Mortality rate, infant, male (per 1,000 live births)",SP.DYN.IMRT.MA.IN,Fiji,FJI,29.1,28.1,27.1,26.2,25.3,24.5,23.8,23.1,22.6,22.2,21.8,21.5,21.1,20.8,20.6,20.5,20.6,20.8,21.1,21.4,21.6,21.7,21.8,21.7,21.7,21.7,21.8,22
"Mortality rate, infant, male (per 1,000 live births)",SP.DYN.IMRT.MA.IN,Finland,FIN,6.5,6.4,6.3,6.1,5.8,5.5,5.2,4.9,4.7,4.4,4.3,4.1,4,3.9,3.8,3.7,3.6,3.5,3.4,3.2,3.1,3,2.8,2.7,2.6,2.4,2.4,2.3
"Mortality rate, infant, male (per 1,000 live births)",SP.DYN.IMRT.MA.IN,Fragile and conflict affected situations,FCS,..,..,..,108.898592309129,107.942946320953,106.948972092558,105.93586303256,104.793033036417,103.499718556987,101.994779246642,100.209432460391,98.2919455668383,96.2088283412155,93.9057298435141,91.6590009861578,89.3493109959918,87.0758527941979,84.8181744603832,82.61674023403,80.4699870801438,78.2899453917238,76.4894893673593,74.4269944005207,73.0440267604278,71.0958355505732,69.622622673192,68.3543408377938,67.1281580469863
"Mortality rate, infant, male (per 1,000 live births)",SP.DYN.IMRT.MA.IN,France,FRA,9.2,9,8.8,8.4,8.1,7.6,7.1,6.5,6,5.6,5.4,5.2,5.1,4.9,4.8,4.7,4.5,4.3,4.2,4.1,4,4,4,3.9,3.9,3.9,3.8,3.8
"Mortality rate, infant, male (per 1,000 live births)",SP.DYN.IMRT.MA.IN,French Polynesia,PYF,..,..,..,..,..,..,..,..,..,..,..,..,..,..,..,..,..,..,..,..,..,..,..,..,..,..,..,..
"Mortality rate, infant, male (per 1,000 live births)",SP.DYN.IMRT.MA.IN,Gabon,GAB,68.5,67.6,66.8,66.1,65.5,65,64.5,64,63.5,63,62.4,61.7,60.8,59.7,58.6,57.4,56.1,54.8,53.3,52,50.4,48.9,47.7,46.1,44.8,43.3,41.9,41
"Mortality rate, infant, male (per 1,000 live births)",SP.DYN.IMRT.MA.IN,"Gambia, The",GMB,96.1,93.6,91.3,89,86.8,84.5,82.3,80,77.7,75.5,73.4,71.3,69.3,67.2,65.3,63.4,61.5,59.8,58,56.3,54.7,53.2,51.7,50.3,49,47.7,46.5,45.3
"Mortality rate, infant, male (per 1,000 live births)",SP.DYN.IMRT.MA.IN,Georgia,GEO,46.5,46.1,45.8,45.6,45.3,45,44.7,44.1,43.4,42.4,41.2,39.7,37.9,35.8,33.6,31.1,28.6,26.2,23.7,21.4,19.2,17.3,15.6,14.2,13.1,12.1,11.4,10.9
"Mortality rate, infant, male (per 1,000 live births)",SP.DYN.IMRT.MA.IN,Germany,DEU,9.4,8.9,8.4,7.9,7.4,6.9,6.5,6.2,5.9,5.6,5.4,5.2,5,4.8,4.7,4.6,4.5,4.4,4.3,4.2,4.1,4,3.9,3.8,3.7,3.7,3.6,3.6
"Mortality rate, infant, male (per 1,000 live births)",SP.DYN.IMRT.MA.IN,Ghana,GHA,96.2,92.8,89.4,86.5,84.1,82.2,80.9,79.9,78.9,77.8,76.4,74.6,72.5,70.2,67.9,65.6,63.6,62,60.4,58.9,57.5,55.8,53.9,51.9,49.9,48,46.2,44.5
"Mortality rate, infant, male (per 1,000 live births)",SP.DYN.IMRT.MA.IN,Gibraltar,GIB,..,..,..,..,..,..,..,..,..,..,..,..,..,..,..,..,..,..,..,..,..,..,..,..,..,..,..,..
"Mortality rate, infant, male (per 1,000 live births)",SP.DYN.IMRT.MA.IN,Greece,GRC,12.2,11.3,10.5,9.8,9.3,8.9,8.6,8.3,8,7.7,7.3,6.9,6.5,6.1,5.6,5.3,4.9,4.6,4.3,4.1,3.9,3.8,3.7,3.7,3.7,3.8,4,4.1
"Mortality rate, infant, male (per 1,000 live births)",SP.DYN.IMRT.MA.IN,Greenland,GRL,..,..,..,..,..,..,..,..,..,..,..,..,..,..,..,..,..,..,..,..,..,..,..,..,..,..,..,..
"Mortality rate, infant, male (per 1,000 live births)",SP.DYN.IMRT.MA.IN,Grenada,GRD,22,21,20,19.1,18.2,17.4,16.6,16,15.4,15,14.6,14.3,14,13.8,13.7,13.5,13.4,13.4,13.3,13.4,13.5,13.6,13.8,14,14.2,14.5,14.8,15.1
"Mortality rate, infant, male (per 1,000 live births)",SP.DYN.IMRT.MA.IN,Guam,GUM,..,..,..,..,..,..,..,..,..,..,..,..,..,..,..,..,..,..,..,..,..,..,..,..,..,..,..,..
"Mortality rate, infant, male (per 1,000 live births)",SP.DYN.IMRT.MA.IN,Guatemala,GTM,72.8,70.2,67.6,65.1,62.8,60.4,58.2,56,54,52.1,50.1,48.3,46.6,45,43.4,41.9,40.5,39.1,37.8,36.5,35.3,34,32.8,31.6,30.4,29.3,28.2,27.2
"Mortality rate, infant, male (per 1,000 live births)",SP.DYN.IMRT.MA.IN,Guinea,GIN,154.4,151.6,148.6,145.5,142,138.1,134.4,130.5,126.7,122.9,119.1,115.3,111.4,107.6,104,100.4,97,94,91.2,88.7,86.5,84.6,82.8,81.4,79.9,78.5,77.2,76.1
"Mortality rate, infant, male (per 1,000 live births)",SP.DYN.IMRT.MA.IN,Guinea-Bissau,GNB,147.9,145.5,143.1,140.6,138.1,135.7,133,130.3,127.7,124.8,122,119.2,116.4,113.5,110.5,107.4,104,100.5,97,93.4,89.7,86,82.4,78.8,75.5,72.5,69.7,67.3
"Mortality rate, infant, male (per 1,000 live births)",SP.DYN.IMRT.MA.IN,Guyana,GUY,55.2,54.4,53.4,52.2,51.1,50,48.7,47.6,46.5,45.5,44.5,43.5,42.5,41.6,40.7,39.8,39,38.3,37.6,36.8,36.2,35.5,34.9,34.3,33.7,33,32.4,31.6
"Mortality rate, infant, male (per 1,000 live births)",SP.DYN.IMRT.MA.IN,Haiti,HTI,116.5,113.8,111.1,108.5,105.8,103.1,100.3,97.4,94.5,91.6,88.7,86.1,83.5,81,78.8,76.7,74.7,73,71.4,69.9,68.5,67.2,65.8,91,63.3,62.1,60.8,59.6
"Mortality rate, infant, male (per 1,000 live births)",SP.DYN.IMRT.MA.IN,Heavily indebted poor countries (HIPC),HPC,..,..,..,116.234618510316,114.532548886964,112.858686952356,111.167068620857,109.531363438435,107.596583916765,105.478831071148,103.341196308105,101.04551754057,98.3341376927535,95.5014862692614,92.4584047605486,89.2969684852332,86.1119529127763,82.9935877966593,80.0264571287442,77.2823433619478,74.6178766689405,72.1471196132147,69.7883745303989,67.9207911999804,65.4151716166781,63.3121051260107,61.3978112020228,59.5559696955754
"Mortality rate, infant, male (per 1,000 live births)",SP.DYN.IMRT.MA.IN,High income,HIC,..,..,..,11.8,11.3,10.7,10.1,9.6,9.1,8.7,8.3,8,7.7,7.4,7.2,7,6.9,6.7,6.5,6.3,6.1,5.9,5.8,5.6,5.4,5.3,5.2,5.1
"Mortality rate, infant, male (per 1,000 live births)",SP.DYN.IMRT.MA.IN,Honduras,HND,56.3,53.9,51.7,49.6,47.6,45.7,44,42.3,40.7,39.1,37.7,39.6,34.8,33.5,32.1,30.8,29.5,28.2,27.1,25.9,24.9,23.9,22.9,22,21.2,20.4,19.7,19
"Mortality rate, infant, male (per 1,000 live births)",SP.DYN.IMRT.MA.IN,"Hong Kong SAR, China",HKG,..,..,..,..,..,..,..,..,..,..,..,..,..,..,..,..,..,..,..,..,..,..,..,..,..,..,..,..
"Mortality rate, infant, male (per 1,000 live births)",SP.DYN.IMRT.MA.IN,Hungary,HUN,19.5,18.3,17.4,16.8,16.2,15.3,14,12.8,11.9,11.3,10.9,10.5,10,9.5,8.9,8.3,7.8,7.3,6.9,6.6,6.3,5.9,5.6,5.4,5.3,5.2,5.1,4.9
"Mortality rate, infant, male (per 1,000 live births)",SP.DYN.IMRT.MA.IN,IBRD only,IBD,..,..,..,60.3267619245967,59.1634942639391,57.9661198729836,56.6491946658108,55.2355206066073,53.74126021979,52.1602795643676,50.4901892010645,48.8053330643702,47.2125029094166,45.3673213162828,43.5541409339129,41.6705561918126,39.8647858466854,38.3656325366748,36.5309168760588,34.8967829477239,33.2507175378174,31.6370241093043,30.0681937785467,28.5240349867813,27.0989184975595,25.8230760917868,24.5927428911556,23.4540693944707
"Mortality rate, infant, male (per 1,000 live births)",SP.DYN.IMRT.MA.IN,Iceland,ISL,6.2,6,5.8,5.6,5.4,5.2,5,4.7,4.5,4.3,4.1,3.8,3.6,3.5,3.3,3.1,3,2.8,2.7,2.6,2.5,2.4,2.3,2.2,2.2,2.1,2,2
"Mortality rate, infant, male (per 1,000 live births)",SP.DYN.IMRT.MA.IN,IDA & IBRD total,IBT,..,..,..,74.4325268120735,73.5154729287009,72.5863101631864,71.5540277540633,70.4084703094943,69.1129455760853,67.6605934184362,66.0762347028816,64.4258853867513,62.7237878768456,60.7993625782577,58.8495783143557,56.8177051865472,54.8386789784328,53.0720433764484,51.1140642686197,49.341638352296,47.5750713106322,45.9171610897503,44.2774246915398,42.8005526623614,41.2949894678309,39.9915545211245,38.7759023402093,37.6307794291813
"Mortality rate, infant, male (per 1,000 live births)",SP.DYN.IMRT.MA.IN,IDA blend,IDB,..,..,..,110.017901214248,109.418628563721,108.750143149768,107.974765580514,106.944953674802,105.740120059683,104.266835202756,102.477105363305,100.57439793177,98.4363723175033,96.1482520599491,93.943684003246,91.6797528458016,89.5307404619528,87.4458524012443,85.3961834961838,83.4243663346683,81.4774261818573,79.5929018821046,78.0060415751672,76.4256297501104,74.9232207397994,73.550459125737,72.2766946871549,70.9590004218984
"Mortality rate, infant, male (per 1,000 live births)",SP.DYN.IMRT.MA.IN,IDA only,IDX,..,..,..,110.985054301542,108.908349485325,106.857279167639,104.819666626937,102.811532277346,100.61841903063,98.2969876724151,95.9512304020039,93.512510524512,90.7853554330055,87.9886493485056,85.0379078975085,82.0430692264316,79.0685894833021,76.1750074587704,73.4100887197378,70.8655189278674,68.3791376932408,66.2323420711816,63.8883488737346,62.1369825782161,59.9160048674123,58.0696455307362,56.412628938905,54.8336923079608
"Mortality rate, infant, male (per 1,000 live births)",SP.DYN.IMRT.MA.IN,IDA total,IDA,..,..,..,110.661950861698,109.078912859189,107.489875300687,105.873414904524,104.190659907905,102.325267192241,100.283985742598,98.1206916067705,95.8578276666369,93.3246716839645,90.696297534883,87.99434783891,85.2451947450489,82.5500946003227,79.9329222575808,77.4161912461723,75.075224761716,72.7838973731496,70.7406323900784,68.6683921749571,66.9906182017387,65.0286697031971,63.3568691802103,61.8414676247223,60.3594675274158
"Mortality rate, infant, male (per 1,000 live births)",SP.DYN.IMRT.MA.IN,India,IND,98.2,95.7,93.1,90.7,88.3,85.9,83.5,81.1,78.7,76.3,73.8,71.3,69.2,66.5,64,61.4,59,57.2,54.9,52.9,50.8,48.7,46.6,44.4,42.3,40.4,38.4,36.5
"Mortality rate, infant, male (per 1,000 live births)",SP.DYN.IMRT.MA.IN,Indonesia,IDN,75.8,73.2,70.7,68,65.4,62.8,60.3,57.9,55.5,53.2,51,48.9,46.9,45,43.3,41.6,40,39.7,37,35.7,34.4,33.1,32,30.9,29.8,28.7,27.7,26.8
"Mortality rate, infant, male (per 1,000 live births)",SP.DYN.IMRT.MA.IN,"Iran, Islamic Rep.",IRN,51.9,49.5,47.1,44.9,42.9,41.2,39.6,38.1,36.7,35.2,33.8,32.3,30.8,29.3,27.9,26.5,25.2,23.9,22.7,21.6,20.5,19.5,18.5,17.7,16.9,16.2,15.6,15.1
"Mortality rate, infant, male (per 1,000 live births)",SP.DYN.IMRT.MA.IN,Iraq,IRQ,48.1,47,46.1,45.3,44.5,43.7,43,42.3,41.7,41,40.4,39.7,39,38.3,37.6,36.9,36.3,35.6,35,34.3,33.5,32.8,32,31.1,30.3,29.4,28.6,27.8
"Mortality rate, infant, male (per 1,000 live births)",SP.DYN.IMRT.MA.IN,Ireland,IRL,9.3,9.1,8.8,8.4,7.9,7.4,7,6.8,6.7,6.7,6.7,6.7,6.7,6.6,6.3,5.9,5.5,5.1,4.7,4.4,4.2,4.1,3.9,3.8,3.8,3.7,3.6,3.5
"Mortality rate, infant, male (per 1,000 live births)",SP.DYN.IMRT.MA.IN,Isle of Man,IMN,..,..,..,..,..,..,..,..,..,..,..,..,..,..,..,..,..,..,..,..,..,..,..,..,..,..,..,..
"Mortality rate, infant, male (per 1,000 live births)",SP.DYN.IMRT.MA.IN,Israel,ISR,11.7,11.2,10.8,10.3,9.8,9.3,8.7,8.1,7.5,7.1,6.7,6.4,6.2,5.9,5.7,5.5,5.2,5,4.8,4.6,4.4,4.2,4.1,3.9,3.8,3.7,3.6,3.5
"Mortality rate, infant, male (per 1,000 live births)",SP.DYN.IMRT.MA.IN,Italy,ITA,10.4,9.9,9.6,9.2,8.8,8.4,7.9,7.5,7,6.5,6.1,5.7,5.4,5.1,4.8,4.6,4.4,4.2,4.1,4,3.9,3.8,3.7,3.6,3.6,3.5,3.4,3.3
"Mortality rate, infant, male (per 1,000 live births)",SP.DYN.IMRT.MA.IN,Jamaica,JAM,30.5,29.6,28.9,28.1,27.4,26.6,25.8,25.1,24.3,23.6,22.9,22.2,21.6,21,20.4,20,19.6,19.3,19,18.7,18.5,18.2,17.8,17.4,16.9,16.5,16,15.5
"Mortality rate, infant, male (per 1,000 live births)",SP.DYN.IMRT.MA.IN,Japan,JPN,5.4,5.2,5,4.9,4.8,4.8,4.7,4.6,4.4,4.3,4.1,3.9,3.7,3.5,3.4,3.2,3.1,3,2.9,2.8,2.8,2.7,2.6,2.5,2.4,2.3,2.2,2.2
"Mortality rate, infant, male (per 1,000 live births)",SP.DYN.IMRT.MA.IN,Jordan,JOR,34.2,33.2,32.2,31.2,30.4,29.6,28.9,28.2,27.5,26.8,26.2,25.6,25,24.4,23.8,23.2,22.7,22.1,21.5,21,20.4,19.9,19.4,18.8,18.3,17.9,17.4,16.9
"Mortality rate, infant, male (per 1,000 live births)",SP.DYN.IMRT.MA.IN,Kazakhstan,KAZ,52.6,51.2,50.1,49.5,49.4,49.7,50.2,50.5,50.4,49.5,47.8,45.7,43.4,41.1,38.9,36.8,34.7,32.8,31,29,27,24.9,22.8,20.7,18.6,16.6,14.7,13.2
"Mortality rate, infant, male (per 1,000 live births)",SP.DYN.IMRT.MA.IN,Kenya,KEN,67.3,67.7,68.6,69.8,71.2,72.5,73.3,73.4,73.1,72,70.5,68.8,66.9,64.8,62.6,60.2,57.8,55.3,52.5,50,47.8,45.3,44.2,43.2,42.2,41.9,41,40.1
"Mortality rate, infant, male (per 1,000 live births)",SP.DYN.IMRT.MA.IN,Kiribati,KIR,83.6,81,78.1,75.4,72.8,70.7,68.9,67.3,65.9,64.5,63,61.6,60.1,58.7,57.4,56.3,55.5,55.2,55.1,55.1,55.2,55.1,54.7,54.1,53.2,52.1,51,50
"Mortality rate, infant, male (per 1,000 live births)",SP.DYN.IMRT.MA.IN,"Korea, Dem. People's Rep.",PRK,30.6,31.8,33.9,36.8,40.6,45,49.8,54.3,58,60,59.9,57.9,53.9,48.6,42.9,37.6,33.5,30.7,29.2,28.7,28.4,27.9,26.9,25.5,23.7,21.9,20.3,18.8
"Mortality rate, infant, male (per 1,000 live births)",SP.DYN.IMRT.MA.IN,"Korea, Rep.",KOR,18.7,17.1,15.6,14.4,13.2,12.2,11.2,10.4,9.6,8.9,8.3,7.7,7.3,6.9,6.5,6.2,5.8,5.4,5.1,4.7,4.4,4.1,3.9,3.8,3.7,3.5,3.4,3.3
"Mortality rate, infant, male (per 1,000 live births)",SP.DYN.IMRT.MA.IN,Kosovo,XKX,..,..,..,..,..,..,..,..,..,..,..,..,..,..,..,..,..,..,..,..,..,..,..,..,..,..,..,..
"Mortality rate, infant, male (per 1,000 live births)",SP.DYN.IMRT.MA.IN,Kuwait,KWT,18.9,18,17.1,16.2,16,14.7,14.1,13.7,13.3,12.9,12.5,12.1,11.8,11.5,11.2,11.1,10.9,10.7,10.6,10.4,10.3,10.1,9.9,9.6,9.3,8.9,8.6,8.3
"Mortality rate, infant, male (per 1,000 live births)",SP.DYN.IMRT.MA.IN,Kyrgyz Republic,KGZ,64.4,61.9,60.1,59.2,59,59.2,59.1,58.5,57.2,55.4,53.2,50.9,48.8,46.7,44.7,42.8,41,39.3,37.7,36.1,34.6,32.8,30.8,28.9,27.2,25.7,24.4,23.2
"Mortality rate, infant, male (per 1,000 live births)",SP.DYN.IMRT.MA.IN,Lao PDR,LAO,123.8,120.7,117.5,114.2,110.9,107.7,104.3,101.1,97.9,94.8,91.9,89.1,86.3,83.6,80.8,78,75.3,72.5,69.7,67,64.4,61.9,59.4,57,54.8,52.6,50.5,48.5
"Mortality rate, infant, male (per 1,000 live births)",SP.DYN.IMRT.MA.IN,Late-demographic dividend,LTE,..,..,..,42.5748810675651,41.8990409995819,41.1014488183605,40.0408677362284,38.8391120384617,37.541778939958,36.1576017778892,34.6966327126643,33.2048587200612,31.5791181518096,29.904101416469,28.1094416879489,26.2928048271314,24.5165377949137,22.8265310830648,21.2334580278578,19.761269222015,18.4512779531289,17.297791742797,16.2795438487458,15.3134615253097,14.4045951973135,13.5885415275659,12.8350226630346,12.0819954343218
"Mortality rate, infant, male (per 1,000 live births)",SP.DYN.IMRT.MA.IN,Latin America & Caribbean,LCN,..,..,..,47.6,45.8,43.9,42.1,40.3,38.5,36.7,35,33.5,31.9,30.4,29,27.7,26.4,25.3,24.2,23.2,22.2,21.4,20.6,20.6,19.2,18.6,18,17.5
"Mortality rate, infant, male (per 1,000 live births)",SP.DYN.IMRT.MA.IN,Latin America & Caribbean (excluding high income),LAC,..,..,..,48.6515318913202,46.8135449879819,44.9504951761333,43.0903602914662,41.2114617245915,39.3544815599349,37.514701225936,35.7603888633379,34.1673660810226,32.5114834355271,30.9829773084428,29.5257742756976,28.1826019743243,26.8902173360875,25.7208500885191,24.6226289041043,23.5764614793474,22.6205566291449,21.7762592763271,20.9526164890715,20.9433044232362,19.5405160287097,18.9217970848976,18.3281256850161,17.8155213671174
"Mortality rate, infant, male (per 1,000 live births)",SP.DYN.IMRT.MA.IN,Latin America & Caribbean (IDA & IBRD),TLA,..,..,..,48.1170300284419,46.2733292642676,44.4134602062468,42.5653828988329,40.7104827761449,38.8890726829819,37.089588491464,35.3774857034642,33.823494687429,32.2005276899004,30.6937617678976,29.2548870536415,27.9281158379876,26.6520934074794,25.49438243931,24.40994678541,23.3726724868767,22.4281474998617,21.5927947968332,20.7815684301798,20.7615974424995,19.3863973851623,18.7769787843011,18.1886955365219,17.6818303419041
"Mortality rate, infant, male (per 1,000 live births)",SP.DYN.IMRT.MA.IN,Latvia,LVA,13.3,13.1,13.7,14.8,16,16.9,17.4,17.5,17.3,16.7,15.8,14.6,13.5,12.6,11.8,11.1,10.6,10,9.4,8.8,8.3,7.9,7.5,7,6.5,6,5.5,5
"Mortality rate, infant, male (per 1,000 live births)",SP.DYN.IMRT.MA.IN,Least developed countries: UN classification,LDC,..,..,..,115.724831500213,113.558618914358,111.400096926831,109.252885978584,107.163688043483,104.898982384971,102.500304896817,100.081352864663,97.5243332761018,94.7342738132974,91.8265615203105,88.7522638792486,85.6285947203877,82.5113542598963,79.4519842714063,76.522178336638,73.8048660199272,71.1254665348634,68.8025366470241,66.2583273341388,64.3422018118836,61.91321570372,59.8833448798779,58.0603916813879,56.3406353131762
"Mortality rate, infant, male (per 1,000 live births)",SP.DYN.IMRT.MA.IN,Lebanon,LBN,31.5,30.2,28.9,27.6,26.4,25.3,24.2,23.2,22.3,21.3,20.4,19.5,18.6,17.6,16.6,15.6,14.6,13.6,12.7,11.7,10.9,10.2,9.6,9.2,8.7,8.4,8,7.7
"Mortality rate, infant, male (per 1,000 live births)",SP.DYN.IMRT.MA.IN,Lesotho,LSO,78.6,76.9,75.6,74.8,74.4,74.7,75.3,76.2,77.1,77.7,78.8,79.9,81.1,82.5,83.5,83.8,84.1,84.2,84.2,84.9,83.6,85.9,82.8,80.8,78.6,79.1,79,78.5
"Mortality rate, infant, male (per 1,000 live births)",SP.DYN.IMRT.MA.IN,Liberia,LBR,176.8,180.7,184.7,187.9,189.2,188.4,185.8,181.2,175.3,168.4,160.7,152.7,144.6,136.2,127.7,119.6,111.8,104.4,97.9,92.3,87.7,84,81.1,78.7,76.8,75.3,74.1,73.3
"Mortality rate, infant, male (per 1,000 live births)",SP.DYN.IMRT.MA.IN,Libya,LBY,45.1,42.9,40.9,38.9,37.1,35.4,33.9,32.5,31.3,30.2,29.2,28.3,27.5,26.7,26,25.2,24.3,23.3,22,20.7,19.2,17.9,16.8,15.8,15.4,14.3,13.7,13.1
"Mortality rate, infant, male (per 1,000 live births)",SP.DYN.IMRT.MA.IN,Liechtenstein,LIE,..,..,..,..,..,..,..,..,..,..,..,..,..,..,..,..,..,..,..,..,..,..,..,..,..,..,..,..
"Mortality rate, infant, male (per 1,000 live births)",SP.DYN.IMRT.MA.IN,Lithuania,LTU,13.3,12.7,12.6,13.2,14.4,15.8,16.1,14.9,13.2,11.8,10.8,10.2,9.8,9.4,9,8.7,8.4,8.2,7.9,7.6,7,6.4,5.8,5.3,4.9,4.5,4.4,4.4
"Mortality rate, infant, male (per 1,000 live births)",SP.DYN.IMRT.MA.IN,Low & middle income,LMY,..,..,..,74.8073679800168,73.8912364742247,72.9639624552815,71.9337079317014,70.7895315284405,69.4918417654088,68.0313345150134,66.4318751203199,64.7608977409473,63.0339077501276,61.0814601696883,59.1045958327233,57.0487366455696,55.052815179652,53.2771645251781,51.3147604126598,49.5419736868503,47.7745179775571,46.113215119966,44.4664061566385,42.9800503515741,41.4628512319691,40.1478700799503,38.9226329344121,37.7689782312834
"Mortality rate, infant, male (per 1,000 live births)",SP.DYN.IMRT.MA.IN,Low income,LIC,..,..,..,117.4,115.7,114,112.3,110.6,108.6,106.3,104,101.5,98.7,95.7,92.6,89.4,86.2,83.1,80.1,77.3,74.6,72.1,69.8,68,65.5,63.5,61.7,60
"Mortality rate, infant, male (per 1,000 live births)",SP.DYN.IMRT.MA.IN,Lower middle income,LMC,..,..,..,89.8,88,86.2,84.5,82.7,80.9,79,77,75,73,70.7,68.4,66.2,64,62.1,60,58.2,56.3,54.5,52.7,50.9,49.4,47.9,46.4,45.1
"Mortality rate, infant, male (per 1,000 live births)",SP.DYN.IMRT.MA.IN,Luxembourg,LUX,9.4,9,8.5,8,7.5,7,6.5,6.1,5.7,5.3,5,4.7,4.4,4.2,4,3.8,3.6,3.4,3.3,3.1,3,2.9,2.8,2.7,2.6,2.6,2.6,2.6
"Mortality rate, infant, male (per 1,000 live births)",SP.DYN.IMRT.MA.IN,"Macao SAR, China",MAC,..,..,..,..,..,..,..,..,..,..,..,..,..,..,..,..,..,..,..,..,..,..,..,..,..,..,..,..
"Mortality rate, infant, male (per 1,000 live births)",SP.DYN.IMRT.MA.IN,Madagascar,MDG,111.4,108.8,105.9,103,100.2,97.4,94.7,92,89.2,86.3,83.2,80.1,76.9,73.9,71,68.3,65.7,63.2,60.8,58.5,56.5,54.5,52.7,51.1,49.7,48.3,47,45.9
"Mortality rate, infant, male (per 1,000 live births)",SP.DYN.IMRT.MA.IN,Malawi,MWI,158.3,156.7,153.3,148.7,143.9,139,134.2,129.6,125.7,122.9,120.4,117.2,112.7,106.6,99,90.7,82.8,76,70.8,67.4,65.4,62.6,60.6,58.4,54.5,50.6,47.1,43.8
"Mortality rate, infant, male (per 1,000 live births)",SP.DYN.IMRT.MA.IN,Malaysia,MYS,18.2,17.4,16.5,15.8,15.1,14.4,13.8,13.2,12.7,12.3,11.8,11.1,10.4,9.6,8.9,8.4,8,7.8,7.7,7.6,7.6,7.6,7.6,7.6,7.5,7.5,7.4,7.4
"Mortality rate, infant, male (per 1,000 live births)",SP.DYN.IMRT.MA.IN,Maldives,MDV,79.1,75.4,71.9,68.5,65.2,62,58.8,55.6,52.3,48.9,45.4,41.9,38.3,34.8,31.4,28.1,25.1,23,20.2,18.2,16.6,15.3,14.1,13.2,12.3,11.6,10.9,10.2
"Mortality rate, infant, male (per 1,000 live births)",SP.DYN.IMRT.MA.IN,Mali,MLI,135.9,133.4,130.9,128.7,126.7,124.9,123.3,121.7,120.1,118.4,116.4,114.2,111.7,108.9,106.1,103.2,100.3,97.4,94.8,92.3,89.9,87.5,85.2,82.9,80.7,78.6,76.5,74.5
"Mortality rate, infant, male (per 1,000 live births)",SP.DYN.IMRT.MA.IN,Malta,MLT,12.4,11.9,11.4,11,10.6,10.2,9.8,9.4,9,8.6,8.2,7.9,7.5,7.2,7,6.8,6.6,6.5,6.5,6.4,6.4,6.4,6.4,6.4,6.5,6.5,6.5,6.6
"Mortality rate, infant, male (per 1,000 live births)",SP.DYN.IMRT.MA.IN,Marshall Islands,MHL,47.3,46,44.5,43.1,41.6,40.2,38.9,37.9,37.2,36.8,36.7,36.7,36.8,36.7,36.7,36.6,36.4,36.2,36,35.8,35.7,35.5,35.3,35.2,34.9,34.5,34,33.4
"Mortality rate, infant, male (per 1,000 live births)",SP.DYN.IMRT.MA.IN,Mauritania,MRT,83.7,81.6,79.8,78.5,77.6,76.9,76.5,76.4,76.4,76.5,76.4,76.4,76.4,76.2,76,75.8,75.5,74.9,74.1,73.2,71.9,70.6,69.3,67.9,66.5,65,63.5,62.2
"Mortality rate, infant, male (per 1,000 live births)",SP.DYN.IMRT.MA.IN,Mauritius,MUS,27.5,26.6,24.7,22.7,21.4,21,21.2,21.8,22.5,22.9,22.8,21.9,20.4,18.7,17.2,16.1,15.4,15.1,14.9,14.7,14.4,14.1,13.9,13.8,14,14.3,14.4,14.2
"Mortality rate, infant, male (per 1,000 live births)",SP.DYN.IMRT.MA.IN,Mexico,MEX,44.7,42.9,41.2,39.6,38,36.4,35,33.5,32.2,30.8,29.5,28.3,27.1,26,25,24,23,22.2,21.4,20.6,19.9,19.3,18.6,18,17.4,16.8,16.3,15.9
"Mortality rate, infant, male (per 1,000 live births)",SP.DYN.IMRT.MA.IN,"Micronesia, Fed. Sts.",FSM,48.5,47.9,47.3,46.8,46.5,46.3,46.3,46.4,46.6,46.8,46.8,46.4,45.9,45.2,44.4,43.6,42.6,41.5,40.4,39.3,38.3,37.2,36.2,35.2,34.2,33.3,32.4,31.5
"Mortality rate, infant, male (per 1,000 live births)",SP.DYN.IMRT.MA.IN,Middle East & North Africa,MEA,..,..,..,52.6,50.7,49,47.3,45.7,44.1,42.5,40.9,39.3,37.8,36.3,34.8,33.4,32,30.7,29.5,28.3,27.2,26.1,25.2,24.3,23.6,23,22.4,21.9
"Mortality rate, infant, male (per 1,000 live births)",SP.DYN.IMRT.MA.IN,Middle East & North Africa (excluding high income),MNA,..,..,..,54.9669004461534,53.1631132662114,51.4675845046932,49.8807888926415,48.2759688086566,46.6891120629278,45.0757112613668,43.5023233428171,41.8978845859885,40.332558576449,38.7450315934235,37.2402896810498,35.7585279051303,34.3453003172763,32.9433883263299,31.6472245867664,30.4055398383603,29.2350540533132,28.111226608861,27.0811864280056,26.1838929395177,25.4397457944816,24.7568962377873,24.1583472643479,23.6037420498824
"Mortality rate, infant, male (per 1,000 live births)",SP.DYN.IMRT.MA.IN,Middle East & North Africa (IDA & IBRD),TMN,..,..,..,55.1911431305122,53.3956490895045,51.7083463827658,50.129172082499,48.5272919928373,46.9416755643914,45.3251517604765,43.7472042476932,42.1341030922687,40.5573770158576,38.9567085099698,37.4375619833621,35.9412738276825,34.5127727989804,33.095804848245,31.7847920928319,30.531041972977,29.3480798274102,28.2126860286492,27.1728208743759,26.2664132108605,25.5141879046521,24.8244226447607,24.2204841215549,23.6597557222145
"Mortality rate, infant, male (per 1,000 live births)",SP.DYN.IMRT.MA.IN,Middle income,MIC,..,..,..,69.5084763865899,68.4973170153371,67.4666763875019,66.3271346784471,65.0666374007461,63.7002546919892,62.2029436538662,60.5645923476749,58.8891845121175,57.2154735878769,55.3123512339231,53.4193436263156,51.4612055659181,49.5848346017192,47.9646762739721,46.1012086228619,44.4373352957568,42.7718382750914,41.2019756985375,39.6247769759073,38.1294804713339,36.7516696822805,35.5155430384239,34.3464923934094,33.2479825121033
"Mortality rate, infant, male (per 1,000 live births)",SP.DYN.IMRT.MA.IN,Moldova,MDA,33.1,31.8,31,30.5,30.8,31.6,32.7,33.8,34.7,34.9,34.4,33.2,31.3,29,26.4,23.9,21.8,20,18.8,17.9,17.3,16.9,16.6,16.3,16.1,15.8,15.5,15.2
"Mortality rate, infant, male (per 1,000 live births)",SP.DYN.IMRT.MA.IN,Monaco,MCO,8.1,7.7,7.4,7,6.7,6.4,6.1,5.9,5.6,5.4,5.2,5,4.8,4.6,4.5,4.4,4.2,4.1,4,3.9,3.8,3.8,3.7,3.6,3.5,3.4,3.3,3.3
"Mortality rate, infant, male (per 1,000 live births)",SP.DYN.IMRT.MA.IN,Mongolia,MNG,99.6,95.8,92.1,88.8,85.6,82.6,79.9,77.1,74.3,71.2,68,64.6,61.1,57.5,53.8,50.2,46.7,43.4,40.5,37.8,35.2,32.9,30.7,28.7,26.6,24.7,22.9,21.2
"Mortality rate, infant, male (per 1,000 live births)",SP.DYN.IMRT.MA.IN,Montenegro,MNE,19.6,18,16.7,15.7,15,14.6,14.4,14.3,14.3,14.3,14.3,14.1,13.9,13.5,13,12.4,11.7,10.9,10.1,9.3,8.4,7.6,6.8,6.1,5.4,4.8,4.2,3.7
"Mortality rate, infant, male (per 1,000 live births)",SP.DYN.IMRT.MA.IN,Morocco,MAR,75.7,72.7,70,67.4,64.9,62.5,60.2,57.9,55.7,53.5,51.4,49.3,47.4,45.5,43.7,42,40.3,38.7,37.1,35.6,34.2,32.7,31.4,30,28.7,27.4,26.2,25
"Mortality rate, infant, male (per 1,000 live births)",SP.DYN.IMRT.MA.IN,Mozambique,MOZ,175.7,173.6,171.5,169.2,166.6,163.8,160.3,156.2,151,144.9,138,130.8,123.9,117.3,111,105.3,100.3,95.9,91.9,88.3,83.3,80.6,77.5,77,73.3,70.8,69,67.4
"Mortality rate, infant, male (per 1,000 live births)",SP.DYN.IMRT.MA.IN,Myanmar,MMR,93.8,92.2,90.6,88.9,87.1,85.3,83.5,81.7,79.9,78.1,76.3,74.6,73,71.3,69.6,68,66.3,64.6,62.8,61,59.1,61.6,55.4,53.5,51.6,49.8,48,46.4
"Mortality rate, infant, male (per 1,000 live births)",SP.DYN.IMRT.MA.IN,Namibia,NAM,57.8,56,54.3,52.9,51.8,50.9,50.4,50.3,50.4,50.6,50.6,50.3,49.8,49,48.2,47.7,47.5,46.7,43.6,41.5,40.5,40.5,41.2,39.9,40.4,41.5,39.9,37.6
"Mortality rate, infant, male (per 1,000 live births)",SP.DYN.IMRT.MA.IN,Nauru,NRU,56.2,54.4,52.6,50.8,48.9,47.2,45.6,44.2,42.7,41.4,40.1,38.9,37.8,36.8,36,35.4,35,34.7,34.6,34.7,35,35.2,35.1,34.9,34.4,33.9,33.2,32.4
"Mortality rate, infant, male (per 1,000 live births)",SP.DYN.IMRT.MA.IN,Nepal,NPL,116.2,111.7,107.1,102.5,97.9,93.5,89.1,85,81.1,77.4,73.8,70.4,67,63.8,60.8,57.9,55.2,52.7,50.3,48.1,45.9,43.8,41.9,40,38.2,36.5,34.9,33.4
"Mortality rate, infant, male (per 1,000 live births)",SP.DYN.IMRT.MA.IN,Netherlands,NLD,8.4,8.2,7.9,7.7,7.4,7.1,6.8,6.6,6.3,6.2,6,5.9,5.8,5.7,5.5,5.4,5.3,5.1,4.9,4.7,4.5,4.4,4.2,4.1,4,3.9,3.8,3.8
"Mortality rate, infant, male (per 1,000 live births)",SP.DYN.IMRT.MA.IN,New Caledonia,NCL,..,..,..,..,..,..,..,..,..,..,..,..,..,..,..,..,..,..,..,..,..,..,..,..,..,..,..,..
"Mortality rate, infant, male (per 1,000 live births)",SP.DYN.IMRT.MA.IN,New Zealand,NZL,11.9,11.4,10.8,10.2,9.7,9.1,8.7,8.3,7.9,7.6,7.4,7.1,6.9,6.7,6.5,6.4,6.3,6.1,6,5.9,5.8,5.7,5.7,5.6,5.5,5.4,5.2,5.1
"Mortality rate, infant, male (per 1,000 live births)",SP.DYN.IMRT.MA.IN,Nicaragua,NIC,62,59.9,57.8,55.7,53.6,51.4,49.1,46.9,44.6,42.5,40.4,39.6,36.6,34.8,33.2,31.7,30.3,29,27.8,26.6,25.6,24.5,23.6,22.7,21.8,20.9,20.2,19.4
"Mortality rate, infant, male (per 1,000 live births)",SP.DYN.IMRT.MA.IN,Niger,NER,143.4,142.9,141.7,139.8,137.6,134.6,131.1,126.8,122.1,117.6,113.4,109.8,106.4,103.1,99.8,96.2,92.3,88.3,84.3,80.4,76.8,73.3,70.1,67,64.3,61.9,59.8,58.1
"Mortality rate, infant, male (per 1,000 live births)",SP.DYN.IMRT.MA.IN,Nigeria,NGA,133.6,134,134.2,134.2,134,133.5,132.9,132,130.8,129.2,127,124.6,121.8,118.6,115.6,112.5,109.5,106.5,103.6,100.8,98.1,95.7,93.7,92,90.5,89.3,88.4,87.4
"Mortality rate, infant, male (per 1,000 live births)",SP.DYN.IMRT.MA.IN,North America,NAC,..,..,..,10.2,9.9,9.5,9.1,8.8,8.5,8.3,8.1,7.9,7.7,7.6,7.5,7.5,7.4,7.4,7.3,7.2,7.1,6.9,6.8,6.7,6.5,6.4,6.4,6.3
"Mortality rate, infant, male (per 1,000 live births)",SP.DYN.IMRT.MA.IN,North Macedonia,MKD,45.6,42.8,38.2,34.4,32.9,32.5,30.7,27,23.2,20.6,19,17.7,16.3,15.2,14.4,13.9,13.6,13.4,13.1,12.7,12,11.1,10.2,9.5,9.5,9.9,10.8,11.8
"Mortality rate, infant, male (per 1,000 live births)",SP.DYN.IMRT.MA.IN,Northern Mariana Islands,MNP,..,..,..,..,..,..,..,..,..,..,..,..,..,..,..,..,..,..,..,..,..,..,..,..,..,..,..,..
"Mortality rate, infant, male (per 1,000 live births)",SP.DYN.IMRT.MA.IN,Norway,NOR,9.2,8.9,8.4,7.8,7.1,6.5,5.9,5.5,5.1,4.9,4.7,4.6,4.5,4.3,4.2,4.1,3.9,3.8,3.6,3.5,3.3,3.2,3,2.9,2.8,2.7,2.6,2.5
"Mortality rate, infant, male (per 1,000 live births)",SP.DYN.IMRT.MA.IN,OECD members,OED,..,..,..,19.1769655404689,18.3811428670189,17.5813498192048,16.8363290649454,16.0812878760925,15.388129922431,14.7099091487114,14.0901436297435,13.4919395791972,12.9461409868738,12.4166893808801,11.9150491241926,11.4146853357805,10.9557984085767,10.5103779032443,10.0864392445707,9.67386136450116,9.30899248769506,8.96455641170928,8.61723523539982,8.32888166718536,8.06242282441837,7.81142008436108,7.58314217910742,7.39531220664753
"Mortality rate, infant, male (per 1,000 live births)",SP.DYN.IMRT.MA.IN,Oman,OMN,44.9,41.1,37.7,34.5,31.7,29,26.6,24.4,22.5,20.8,19.3,17.9,16.7,15.6,14.6,13.8,13.1,12.6,12.2,11.8,11.6,11.4,11.2,11.1,10.9,10.8,10.7,10.6
"Mortality rate, infant, male (per 1,000 live births)",SP.DYN.IMRT.MA.IN,Other small states,OSS,..,..,..,69.9981660002621,69.0394851528315,68.3152850166854,67.7463526405422,67.2804671518626,66.7932535009189,65.9876176203782,65.2763170010662,64.4398793453528,63.4603627699058,62.3566170552365,61.0937628193964,59.7819138568501,58.4678969516236,57.0041682704986,55.0977790221742,53.1916853803282,51.8071830021427,50.923320926321,49.3348575126746,47.8796465777875,46.8733283765998,45.9703138053003,44.9760908056431,44.0967870641979
"Mortality rate, infant, male (per 1,000 live births)",SP.DYN.IMRT.MA.IN,Pacific island small states,PSS,..,..,..,31.7317897020592,30.8742184736264,30.0423045542204,29.3151831589842,28.6474142222386,28.0896123973939,27.6183916919401,27.2425781106583,26.7141673540464,26.2493761890824,25.8390164233577,25.4828757527791,25.2288211507426,25.0565753102925,24.9732247908608,24.9824517122245,24.9383914752815,24.9223775976835,24.7667098377584,24.7358781933516,24.4071919864153,24.1624132371659,23.8605220283185,23.5933967757499,23.3274604902834
"Mortality rate, infant, male (per 1,000 live births)",SP.DYN.IMRT.MA.IN,Pakistan,PAK,118.9,116.9,114.9,112.9,110.8,108.7,106.5,104.1,101.7,99.3,96.9,94.6,92.3,90.2,88.3,86.5,85,83.7,82.5,81.3,80,78.7,77.4,75.9,74.3,72.7,71,69.2
"Mortality rate, infant, male (per 1,000 live births)",SP.DYN.IMRT.MA.IN,Palau,PLW,32.5,32.7,32.9,33,33,32.8,32.4,31.9,31.3,30.6,30,29.3,28.7,28.1,27.5,27,26.5,26,25.6,25.2,24.7,24.1,23.5,22.9,22.3,21.6,21,20.4
"Mortality rate, infant, male (per 1,000 live births)",SP.DYN.IMRT.MA.IN,Panama,PAN,30.7,29.7,28.9,28.2,27.6,27,26.6,26.2,25.9,25.6,25.3,25,24.6,24.2,23.7,23.1,22.6,22,21.5,21,20.4,19.9,19.3,18.8,18.3,17.7,17.2,16.6
"Mortality rate, infant, male (per 1,000 live births)",SP.DYN.IMRT.MA.IN,Papua New Guinea,PNG,70.4,69.2,68,66.8,65.7,64.6,63.5,62.6,61.6,60.7,59.8,59,58.1,57.3,56.4,55.5,54.7,53.8,52.9,52,51.1,50.1,49,48.1,47.1,46.1,45.1,44.2
"Mortality rate, infant, male (per 1,000 live births)",SP.DYN.IMRT.MA.IN,Paraguay,PRY,43.5,42.1,40.8,39.5,38.2,37,35.9,34.9,34,33.1,32.4,31.7,31.1,30.4,29.8,29.2,28.6,28,27.5,26.9,26.2,25.5,24.8,24.1,23.4,22.7,22,21.4
"Mortality rate, infant, male (per 1,000 live births)",SP.DYN.IMRT.MA.IN,Peru,PER,70.1,67,64,61.2,58.2,55.3,52.3,49.2,46.2,43.2,40.2,37.4,34.6,32.2,29.9,27.8,26,24.3,22.8,21.4,20.2,19,18,17,16.2,15.4,14.7,14
"Mortality rate, infant, male (per 1,000 live births)",SP.DYN.IMRT.MA.IN,Philippines,PHL,51.2,49.1,46.9,44.7,42.6,40.7,39,37.5,36.2,35.1,34.1,33.3,32.6,32,31.5,30.9,30.4,29.9,29.4,28.9,28.5,28.2,27.8,27.5,27.2,26.9,26.6,26.3
"Mortality rate, infant, male (per 1,000 live births)",SP.DYN.IMRT.MA.IN,Poland,POL,18.6,18.1,17.5,17,16.5,15.9,15.4,14.7,13.8,12.7,11.4,10.3,9.4,8.8,8.3,8,7.7,7.4,7.1,6.9,6.6,6.3,5.9,5.6,5.3,5.1,4.9,4.7
"Mortality rate, infant, male (per 1,000 live births)",SP.DYN.IMRT.MA.IN,Portugal,PRT,16.1,15,13.9,12.8,11.7,10.7,9.7,8.9,8.2,7.7,7.2,6.8,6.4,6,5.5,5.1,4.6,4.2,3.9,3.7,3.6,3.5,3.4,3.3,3.3,3.2,3.2,3.2
"Mortality rate, infant, male (per 1,000 live births)",SP.DYN.IMRT.MA.IN,Post-demographic dividend,PST,..,..,..,9.92252948384867,9.5374199049645,9.12888769118175,8.74158701923769,8.33446952006478,7.96606540649279,7.63036858285231,7.35621148177821,7.08861827076151,6.88176559021302,6.67491481907104,6.4962078578053,6.32988012817071,6.20499645746319,6.05346042386896,5.91579556514863,5.76979370000318,5.64492516949093,5.5103212236763,5.34238305833797,5.21521018086065,5.0925907690105,4.96900867925935,4.86032717378917,4.77025227127906
"Mortality rate, infant, male (per 1,000 live births)",SP.DYN.IMRT.MA.IN,Pre-demographic dividend,PRE,..,..,..,117.791470659185,116.710031446666,115.565820697191,114.346021791978,112.984767199802,111.485798363144,109.761851759697,107.740653316447,105.510779509991,102.98275398378,100.19679306367,97.286605274987,94.2515357945608,91.2387967411849,88.2490440960569,85.3579856499011,82.6572186167688,80.0050038400825,77.5542830215736,75.3323158732142,73.3273842066035,71.3414499230591,69.5252354743944,67.9167028749485,66.3510154088429
"Mortality rate, infant, male (per 1,000 live births)",SP.DYN.IMRT.MA.IN,Puerto Rico,PRI,..,..,..,..,..,..,..,..,..,..,..,..,..,..,..,..,..,..,..,..,..,..,..,..,..,..,..,..
"Mortality rate, infant, male (per 1,000 live births)",SP.DYN.IMRT.MA.IN,Qatar,QAT,23.2,21.9,20.6,19.3,18.1,16.9,15.9,15,14.2,13.6,13,12.5,12.1,11.6,11.2,10.8,10.4,10,9.7,9.4,9.1,8.8,8.6,8.4,8.2,8,7.8,7.5
"Mortality rate, infant, male (per 1,000 live births)",SP.DYN.IMRT.MA.IN,Romania,ROU,30,30.1,28.7,26.9,25.8,25.3,25,24.6,24.3,24,23.6,22.7,21.2,19.9,19.2,19,18.8,18.2,17.3,15.9,14.4,13.2,12.3,11.7,11.1,10.6,9.9,9.2
"Mortality rate, infant, male (per 1,000 live births)",SP.DYN.IMRT.MA.IN,Russian Federation,RUS,22.9,22.1,21.5,21.1,21,21.1,21.2,21.3,21.2,21,20.6,20.1,19.4,18.7,17.8,16.7,15.6,14.5,13.4,12.3,11.5,10.8,10.2,9.9,9.6,9.3,9,8.4
"Mortality rate, infant, male (per 1,000 live births)",SP.DYN.IMRT.MA.IN,Rwanda,RWA,99.1,97.6,97.1,98.2,101,105.3,111.5,126.9,126.7,122.1,125,126.2,118.9,112.8,105.9,97.9,89.4,80.8,73,66.4,60.7,55.7,51.6,47.6,43.3,40.4,37.7,35.5
"Mortality rate, infant, male (per 1,000 live births)",SP.DYN.IMRT.MA.IN,Samoa,WSM,29.9,28.9,28,27.1,26.3,25.5,24.6,23.8,23,22.2,21.5,20.7,20,19.3,18.8,18.3,17.9,17.6,17.5,17.4,17.4,17.4,18.4,17.3,17.1,16.9,16.6,16.3
"Mortality rate, infant, male (per 1,000 live births)",SP.DYN.IMRT.MA.IN,San Marino,SMR,17.5,16.1,14.8,13.6,12.5,11.5,10.6,9.7,8.9,8.2,7.5,6.9,6.3,5.8,5.4,4.9,4.6,4.2,3.9,3.6,3.3,3.1,2.8,2.6,2.4,2.3,2.1,2
"Mortality rate, infant, male (per 1,000 live births)",SP.DYN.IMRT.MA.IN,Sao Tome and Principe,STP,72.9,73.8,74.6,75.2,75.6,75.5,75.1,74.2,72.8,70.9,68.7,66.3,63.6,60.8,58,55.1,52.3,49.7,47.2,44.8,42.6,40.5,38.6,36.8,35.1,33.6,32.1,30.9
"Mortality rate, infant, male (per 1,000 live births)",SP.DYN.IMRT.MA.IN,Saudi Arabia,SAU,46.8,43.6,40.7,37.9,35.3,32.9,30.8,28.8,27,25.3,23.8,22.4,21.1,19.9,18.8,17.8,16.8,15.9,15,14.1,13.2,12.4,11.7,10.9,10.2,9.5,8.8,8.2
"Mortality rate, infant, male (per 1,000 live births)",SP.DYN.IMRT.MA.IN,Senegal,SEN,83.1,80.4,78.2,76.8,76.1,76,76.2,76.6,77.1,77.5,77.4,76.8,75.7,73.8,71.2,68.2,65,61.7,58.6,55.7,53.2,50.9,48.9,47.1,45.5,44,42.7,41.4
"Mortality rate, infant, male (per 1,000 live births)",SP.DYN.IMRT.MA.IN,Serbia,SRB,32.8,31.3,28.5,25.6,23.6,22.6,21.9,20.5,18.6,16.5,14.7,13.4,12.7,12.3,11.8,11.1,10.2,9.4,8.6,8.1,7.9,7.7,7.5,7.3,7.1,6.9,6.6,6.3
"Mortality rate, infant, male (per 1,000 live births)",SP.DYN.IMRT.MA.IN,Seychelles,SYC,17.1,16.4,15.7,15.1,14.6,14.2,13.8,13.5,13.3,13.1,13,12.9,12.8,12.8,12.7,12.7,12.7,12.7,12.8,12.8,12.9,12.9,13,13.1,13.2,13.3,13.5,13.6
"Mortality rate, infant, male (per 1,000 live births)",SP.DYN.IMRT.MA.IN,Sierra Leone,SLE,166.8,165.9,165,164.1,163.3,162.5,161.5,160.2,158.7,156.7,154.7,152.3,149.8,147.1,144.3,141.4,138.4,135.1,131.8,128.2,124.7,120.9,116.9,113.2,109.6,106.2,102.9,100.7
"Mortality rate, infant, male (per 1,000 live births)",SP.DYN.IMRT.MA.IN,Singapore,SGP,8.6,8,7.4,6.7,6,5.4,4.9,4.5,4.3,4.1,3.9,3.7,3.5,3.3,3.1,2.9,2.7,2.6,2.5,2.5,2.4,2.4,2.4,2.4,2.4,2.4,2.4,2.4
"Mortality rate, infant, male (per 1,000 live births)",SP.DYN.IMRT.MA.IN,Sint Maarten (Dutch part),SXM,..,..,..,..,..,..,..,..,..,..,..,..,..,..,..,..,..,..,..,..,..,..,..,..,..,..,..,..
"Mortality rate, infant, male (per 1,000 live births)",SP.DYN.IMRT.MA.IN,Slovak Republic,SVK,16.3,15.6,14.9,14.2,13.6,13,12.4,11.9,11.3,10.8,10.3,9.9,9.4,9.1,8.7,8.4,8.1,7.8,7.5,7.3,7,6.8,6.6,6.4,6.2,6,5.8,5.7
"Mortality rate, infant, male (per 1,000 live births)",SP.DYN.IMRT.MA.IN,Slovenia,SVN,11.9,11.1,10.4,9.7,9,8.4,7.8,7.3,6.8,6.4,6,5.6,5.3,5,4.7,4.4,4.2,4,3.7,3.5,3.3,3.1,3,2.8,2.7,2.5,2.4,2.3
"Mortality rate, infant, male (per 1,000 live births)",SP.DYN.IMRT.MA.IN,Small states,SST,..,..,..,60.0186084262944,59.2103378481344,58.5540368545355,58.0037297130211,57.543765198595,57.0671682886181,56.3755406625605,55.7728523880001,55.0843033181522,54.3090370830415,53.4597627869617,52.4970544265509,51.5139697686797,50.5279644118955,49.4298412060149,47.9823255469858,46.5112873225892,45.4501676500083,44.7545356871382,43.5078409004579,42.3362211426996,41.5110970818807,40.7657401844532,39.9390287387742,39.1997541933917
"Mortality rate, infant, male (per 1,000 live births)",SP.DYN.IMRT.MA.IN,Solomon Islands,SLB,36.2,35.4,34.7,33.9,33.2,32.3,31.5,30.8,30.1,29.5,28.9,28.4,27.9,27.5,27.1,26.9,26.6,26.4,26.2,25.8,25.5,24.9,24.4,23.8,23.2,22.5,21.9,21.3
"Mortality rate, infant, male (per 1,000 live births)",SP.DYN.IMRT.MA.IN,Somalia,SOM,118.6,117.5,116,114.4,112.4,111.1,110.5,110.4,110.4,110.4,110.3,110.3,110.3,110.3,110.3,110.3,110.3,110.3,110.4,110,109,106.9,104.6,102.1,99.4,96.8,94.1,91.3
"Mortality rate, infant, male (per 1,000 live births)",SP.DYN.IMRT.MA.IN,South Africa,ZAF,53.7,51.6,49.8,48.4,47.3,46.7,46.6,47,47.5,48.1,48.5,48.9,49.6,49.9,50.1,50.2,50.7,51.9,51.7,50.9,48.3,44.3,39.3,35.1,33,32.2,31.6,31.3
"Mortality rate, infant, male (per 1,000 live births)",SP.DYN.IMRT.MA.IN,South Asia,SAS,..,..,..,95,92.5,90,87.5,85,82.5,80,77.4,74.8,72.5,69.9,67.4,65,62.7,60.8,58.7,56.8,54.8,52.9,51,49.1,47.3,45.5,43.7,42
"Mortality rate, infant, male (per 1,000 live births)",SP.DYN.IMRT.MA.IN,South Asia (IDA & IBRD),TSA,..,..,..,95.0731671672708,92.5751183523985,90.0702248690795,87.5642417888778,85.0254714874065,82.5066455874521,79.9901668162396,77.3907578505292,74.8145342786076,72.5470224950321,69.8912710466529,67.419447500105,64.9195749863536,62.6347441744792,60.8536497939795,58.6943353358509,56.8151662159165,54.8631386118467,52.9412052692833,51.0560635906164,49.0972857566327,47.228819086371,45.5056253091194,43.7185041667892,41.9920339019347
"Mortality rate, infant, male (per 1,000 live births)",SP.DYN.IMRT.MA.IN,South Sudan,SSD,165.4,162.6,159.6,156.6,153.5,150,146.4,142.5,138.5,134.3,129.9,125.4,120.6,115.7,110.6,105.7,100.9,96.4,92,87.8,84,80.4,76.8,73.5,70.5,68.4,67.3,67.1
"Mortality rate, infant, male (per 1,000 live births)",SP.DYN.IMRT.MA.IN,Spain,ESP,9.3,8.9,8.6,8.2,7.8,7.4,6.9,6.5,6.1,5.7,5.4,5.1,4.9,4.8,4.6,4.5,4.4,4.3,4.2,4,3.9,3.7,3.5,3.4,3.3,3.2,3.1,3
"Mortality rate, infant, male (per 1,000 live births)",SP.DYN.IMRT.MA.IN,Sri Lanka,LKA,22.6,21.3,20.7,20.5,20.5,20.3,19.9,19.4,18.7,18,17.3,16.7,16.1,15.5,15.1,14.6,14.2,16.5,13.3,12.7,12.1,11.6,11.2,10.9,10.5,10,9.4,8.8
"Mortality rate, infant, male (per 1,000 live births)",SP.DYN.IMRT.MA.IN,St. Kitts and Nevis,KNA,31,29.7,28.8,28,27.3,26.9,26.5,26,25.6,25.1,24.5,23.7,22.8,21.9,20.9,19.9,19,18.2,17.6,17.1,16.7,16.4,16.2,16.1,16,16,15.9,15.8
"Mortality rate, infant, male (per 1,000 live births)",SP.DYN.IMRT.MA.IN,St. Lucia,LCA,20.9,20.3,19.8,19.4,19,18.6,18.3,18,17.7,17.5,17.3,17.2,17.1,17,17,17,17.1,17.2,17.4,17.5,17.7,18,18.2,18.5,18.8,19.1,19.5,19.9
"Mortality rate, infant, male (per 1,000 live births)",SP.DYN.IMRT.MA.IN,St. Martin (French part),MAF,..,..,..,..,..,..,..,..,..,..,..,..,..,..,..,..,..,..,..,..,..,..,..,..,..,..,..,..
"Mortality rate, infant, male (per 1,000 live births)",SP.DYN.IMRT.MA.IN,St. Vincent and the Grenadines,VCT,24,22.8,21.8,21.1,20.6,20.2,20.1,20.1,20.2,20.3,20.5,20.6,20.6,20.6,20.6,20.5,20.5,20.4,20.4,20.3,20.2,19.9,19.6,19.2,18.7,18.1,17.6,17
"Mortality rate, infant, male (per 1,000 live births)",SP.DYN.IMRT.MA.IN,Sub-Saharan Africa,SSF,..,..,..,114.7,113.7,112.8,111.8,110.7,109.3,107.6,105.8,103.6,101.2,98.5,95.6,92.6,89.6,86.6,83.7,81,78.3,75.7,73.3,71.2,69.1,67.2,65.6,64
"Mortality rate, infant, male (per 1,000 live births)",SP.DYN.IMRT.MA.IN,Sub-Saharan Africa (excluding high income),SSA,..,..,..,114.73992388086,113.793613830285,112.827172224177,111.811247305031,110.752679885271,109.369584434883,107.681735921045,105.792901280176,103.671252290399,101.195503194185,98.4738480242209,95.6008854154964,92.5940955488102,89.5782606642791,86.6280269416794,83.718864734743,80.9985438747092,78.2976865290904,75.7353525311026,73.335272735707,71.1631311529346,69.0849744197878,67.2155024844922,65.5610674223451,63.9767612054349
"Mortality rate, infant, male (per 1,000 live births)",SP.DYN.IMRT.MA.IN,Sub-Saharan Africa (IDA & IBRD),TSS,..,..,..,114.641282327696,113.696418116627,112.732772984244,111.720571170622,110.666353874389,109.288066738984,107.604951887856,105.720408328046,103.602360659283,101.129822019278,98.4112614409613,95.5415660570322,92.5383894685296,89.5264178125841,86.5801916181576,83.6749726820962,80.9583253358566,78.2608916336502,75.7016666352778,73.3044124170414,71.1347700284854,69.0589368653845,67.1914948158609,65.5387129137928,63.9557407160309
"Mortality rate, infant, male (per 1,000 live births)",SP.DYN.IMRT.MA.IN,Sudan,SDN,92.8,91.8,90.7,89.4,88.1,86.8,85.4,84,82.5,81,79.3,77.5,75.5,73.5,71.4,69.3,67.3,65.4,63.5,61.8,60.2,58.8,57.4,56.1,54.8,53.6,52.4,51.3
"Mortality rate, infant, male (per 1,000 live births)",SP.DYN.IMRT.MA.IN,Suriname,SUR,46.8,45.4,44,42.7,41.4,40.2,38.8,37.5,36.2,35,33.8,32.7,31.6,30.6,29.6,28.6,27.8,26.9,26.2,25.5,24.8,24.1,23.5,22.9,22.4,21.8,21.3,20.7
"Mortality rate, infant, male (per 1,000 live births)",SP.DYN.IMRT.MA.IN,Sweden,SWE,6.9,6.8,6.7,6.5,6.2,5.7,5.2,4.8,4.4,4.2,4,3.9,3.8,3.7,3.7,3.6,3.5,3.4,3.2,3.1,3,2.9,2.8,2.7,2.7,2.6,2.6,2.6
"Mortality rate, infant, male (per 1,000 live births)",SP.DYN.IMRT.MA.IN,Switzerland,CHE,7.9,7.8,7.6,7.4,7.1,6.7,6.4,6.1,5.8,5.5,5.4,5.3,5.2,5.1,5.1,5,4.9,4.8,4.7,4.6,4.5,4.4,4.3,4.3,4.2,4.2,4.2,4.1
"Mortality rate, infant, male (per 1,000 live births)",SP.DYN.IMRT.MA.IN,Syrian Arab Republic,SYR,35.8,34.6,33.4,32.3,31.2,30,28.9,27.7,26.5,25.4,24.3,23.3,22.3,21.5,20.7,20,19.4,19,18.6,18.2,18,17.9,17.8,17.8,17.9,18.5,19,19.3
"Mortality rate, infant, male (per 1,000 live births)",SP.DYN.IMRT.MA.IN,Tajikistan,TJK,93.5,90.3,88.3,88.1,90.3,93.7,96.4,96.9,95.4,92.5,88.7,84.3,79.5,74.6,69.7,64.8,60.3,56.1,52.4,49.3,46.6,44.5,42.8,41.4,40.3,39.3,38.5,37.6
"Mortality rate, infant, male (per 1,000 live births)",SP.DYN.IMRT.MA.IN,Tanzania,TZA,109.2,107.7,106.2,104.7,103.3,102.1,100.9,99.7,98.1,96.2,93.8,90.8,87.1,82.9,78.4,74,69.8,66.1,62.6,59.9,57,55,52.6,50.8,49.1,47.6,46.4,45.2
"Mortality rate, infant, male (per 1,000 live births)",SP.DYN.IMRT.MA.IN,Thailand,THA,38.4,36.7,35.1,33.4,31.9,30.4,28.9,27.6,26.3,25.1,24,22.9,21.8,20.8,19.9,18.9,18.1,17.2,16.4,15.7,15,14.3,13.6,13,12.4,11.8,11.3,10.8
"Mortality rate, infant, male (per 1,000 live births)",SP.DYN.IMRT.MA.IN,Timor-Leste,TLS,157.8,151.1,144.7,138.7,133,127.6,122.4,117.4,112.6,107.9,103.4,99,94.7,90.6,86.5,82.5,78.6,74.6,70.8,67.2,63.7,60.7,58.1,55.7,53.6,51.7,50,48.4
"Mortality rate, infant, male (per 1,000 live births)",SP.DYN.IMRT.MA.IN,Togo,TGO,100.9,99.4,98.1,96.8,95.6,94.4,93.2,91.9,90.5,89,87.3,85.4,83.6,81.6,79.6,77.6,75.6,73.7,71.8,70,68.3,66.5,64.8,63.1,61.6,60,58.5,57.1
"Mortality rate, infant, male (per 1,000 live births)",SP.DYN.IMRT.MA.IN,Tonga,TON,17.9,17.4,16.9,16.3,15.8,15.3,14.8,14.5,14.2,14,13.8,13.7,13.5,13.3,13.1,12.9,12.7,12.6,12.5,12.5,12.4,12.4,12.4,12.4,12.4,12.4,12.4,12.4
"Mortality rate, infant, male (per 1,000 live births)",SP.DYN.IMRT.MA.IN,Trinidad and Tobago,TTO,30.8,30.2,29.7,29.2,28.8,28.4,28.1,27.9,27.7,27.5,27.4,27.4,27.3,27.2,27.1,26.9,26.5,26.1,25.6,24.9,24.3,23.7,23.1,22.4,21.7,21.1,20.4,19.9
"Mortality rate, infant, male (per 1,000 live births)",SP.DYN.IMRT.MA.IN,Tunisia,TUN,52.5,50.4,48.5,46.7,45,43.3,41.5,39.6,37.6,35.4,33.3,31.2,29.2,27.3,25.6,24.1,22.8,21.6,20.5,19.6,18.8,18.2,17.6,17.2,16.9,16.6,16.4,16.2
"Mortality rate, infant, male (per 1,000 live births)",SP.DYN.IMRT.MA.IN,Turkey,TUR,67.7,64.4,61.3,58.3,55.5,52.8,50.1,47.5,45,42.5,40,37.6,35.3,33.1,31,28.9,27,25.2,23.5,21.9,20.4,18.9,17.6,16.4,15.3,14.3,13.4,12.6
"Mortality rate, infant, male (per 1,000 live births)",SP.DYN.IMRT.MA.IN,Turkmenistan,TKM,79.4,76.9,74.7,73.3,72.7,72.6,73,73.5,73.7,73.4,72.3,70.6,68.2,65.3,62.2,59.1,56.1,53.1,50.4,48,46,44.3,43,42.2,41.5,41.1,41,41.1
"Mortality rate, infant, male (per 1,000 live births)",SP.DYN.IMRT.MA.IN,Turks and Caicos Islands,TCA,..,..,..,..,..,..,..,..,..,..,..,..,..,..,..,..,..,..,..,..,..,..,..,..,..,..,..,..
"Mortality rate, infant, male (per 1,000 live births)",SP.DYN.IMRT.MA.IN,Tuvalu,TUV,47.4,46.8,46.3,45.8,45.2,44.5,43.7,42.9,41.9,40.9,39.8,38.8,37.7,36.7,35.8,34.9,34.2,33.5,32.9,32.3,31.6,30.9,30.2,29.3,28.5,27.7,26.9,26.2
"Mortality rate, infant, male (per 1,000 live births)",SP.DYN.IMRT.MA.IN,Uganda,UGA,119.7,118,116.2,114,111.6,109.2,107.1,105.5,104.5,103.5,102.2,100.3,97.7,94.5,90.5,86,81.3,76.4,71.8,67.6,63.6,60,57.3,54.5,52,48.9,47,44.9
"Mortality rate, infant, male (per 1,000 live births)",SP.DYN.IMRT.MA.IN,Ukraine,UKR,19.6,19.1,18.7,18.4,18.4,18.5,18.8,19,19.3,19.3,19.1,18.8,18.2,17.5,16.7,16,15.2,14.5,13.9,13.3,12.8,12.3,11.7,11.2,10.6,10.1,9.7,9.3
"Mortality rate, infant, male (per 1,000 live births)",SP.DYN.IMRT.MA.IN,United Arab Emirates,ARE,18.9,17.8,16.8,16,15.2,14.4,13.8,13.2,12.7,12.2,11.8,11.4,11.1,10.8,10.4,10.2,9.9,9.6,9.3,9,8.7,8.5,8.3,8,7.9,7.7,7.6,7.5
"Mortality rate, infant, male (per 1,000 live births)",SP.DYN.IMRT.MA.IN,United Kingdom,GBR,10.3,10,9.5,8.9,8.3,7.8,7.4,7,6.8,6.6,6.5,6.4,6.3,6.2,6.1,5.9,5.8,5.8,5.7,5.5,5.4,5.2,5.1,4.9,4.7,4.5,4.4,4.3
"Mortality rate, infant, male (per 1,000 live births)",SP.DYN.IMRT.MA.IN,United States,USA,11.3,11,10.7,10.4,10.1,9.7,9.4,9,8.7,8.4,8.2,8,7.9,7.8,7.7,7.6,7.6,7.5,7.4,7.3,7.2,7.1,6.9,6.8,6.7,6.6,6.5,6.4
"Mortality rate, infant, male (per 1,000 live births)",SP.DYN.IMRT.MA.IN,Upper middle income,UMC,..,..,..,45.9,44.9,43.9,42.6,41.3,39.9,38.4,36.9,35.4,33.9,32.3,30.7,29.1,27.5,26.1,24.6,23.2,21.9,20.7,19.5,18.5,17.5,16.7,15.9,15.2
"Mortality rate, infant, male (per 1,000 live births)",SP.DYN.IMRT.MA.IN,Uruguay,URY,25.7,24.5,23.4,22.4,21.7,21.2,20.8,20.5,20.1,19.5,18.7,17.9,17.2,16.6,16.1,15.7,15.3,14.6,13.9,13.1,12.2,11.4,10.8,10.3,9.9,9.6,9.2,8.9
"Mortality rate, infant, male (per 1,000 live births)",SP.DYN.IMRT.MA.IN,Uzbekistan,UZB,71.4,69.2,67.8,67,66.8,66.7,66.4,66,65.4,64.5,63.5,62.2,60.5,58.6,56.2,53.7,51,48.4,45.8,43.1,40.5,38,35.5,33.2,30.9,28.8,26.8,24.9
"Mortality rate, infant, male (per 1,000 live births)",SP.DYN.IMRT.MA.IN,Vanuatu,VUT,36,34.2,32.6,31.2,30,28.9,28.1,27.3,26.7,26.3,26.9,25.8,25.7,25.6,25.5,25.4,25.5,25.5,25.7,25.8,26,26.1,26.3,26.5,26.6,26.6,26.5,26.2
"Mortality rate, infant, male (per 1,000 live births)",SP.DYN.IMRT.MA.IN,"Venezuela, RB",VEN,30.6,29.5,28.3,27.3,26.4,25.6,25.2,24.9,24.6,24,23.2,22.3,22.4,20.6,19.9,19.3,18.8,18.3,17.7,17.2,16.8,16.5,16.4,16.3,16.4,16.6,16.8,17.2
"Mortality rate, infant, male (per 1,000 live births)",SP.DYN.IMRT.MA.IN,Vietnam,VNM,45.8,44.5,43.1,41.6,40,38.4,36.8,35.1,33.5,31.9,30.4,29,27.8,26.6,25.6,24.6,23.8,23.1,22.6,22.1,21.7,21.3,21,20.7,20.4,20.2,20,19.7
"Mortality rate, infant, male (per 1,000 live births)",SP.DYN.IMRT.MA.IN,Virgin Islands (U.S.),VIR,..,..,..,..,..,..,..,..,..,..,..,..,..,..,..,..,..,..,..,..,..,..,..,..,..,..,..,..
"Mortality rate, infant, male (per 1,000 live births)",SP.DYN.IMRT.MA.IN,West Bank and Gaza,PSE,43.2,41.2,39.3,37.7,36.2,34.8,33.5,32.4,31.3,30.3,29.3,28.4,27.6,26.8,26.1,25.4,24.8,24.2,23.7,23.1,22.6,22.1,21.6,21.2,20.9,20.6,20.3,20.1
"Mortality rate, infant, male (per 1,000 live births)",SP.DYN.IMRT.MA.IN,World,WLD,..,..,..,68.4,67.5,66.6,65.6,64.5,63.3,62,60.6,59.1,57.5,55.7,53.9,52.1,50.2,48.6,46.8,45.2,43.6,42,40.6,39.2,37.9,36.7,35.6,34.6
"Mortality rate, infant, male (per 1,000 live births)",SP.DYN.IMRT.MA.IN,"Yemen, Rep.",YEM,104.8,101.2,98.1,95.2,92.7,90.5,88.7,87.1,85.5,84,82.2,79.9,77.2,74.1,70.9,67.6,64.5,61.5,58.7,56.1,53.5,51,48.9,47.5,46.9,46.8,46.9,46.9
"Mortality rate, infant, male (per 1,000 live births)",SP.DYN.IMRT.MA.IN,Zambia,ZMB,112,113.4,114,114.3,113.9,113.3,111.9,110,108,105.9,104,101.8,99.2,95.7,90.9,85.3,79.8,74,68.8,65.1,63,60.4,58.5,56.7,55.3,54.1,52.9,51.5
"Mortality rate, infant, male (per 1,000 live births)",SP.DYN.IMRT.MA.IN,Zimbabwe,ZWE,56.1,55.1,54.8,55.2,56.1,57.4,58.9,60.3,61.5,61.7,61,59.8,58.2,57,56.4,56.3,56.4,57.5,58.5,60.7,62,62.2,61.6,59.3,56.9,52.8,50.7,48.9
,,,,,,,,,,,,,,,,,,,,,,,,,,,,,,,
,,,,,,,,,,,,,,,,,,,,,,,,,,,,,,,
,,,,,,,,,,,,,,,,,,,,,,,,,,,,,,,
Data from database: Gender Statistics,,,,,,,,,,,,,,,,,,,,,,,,,,,,,,,
Last Updated: 10/08/2020,,,,,,,,,,,,,,,,,,,,,,,,,,,,,,,
